Tweets,class
sampe lupa cara bikin application letter dong. sumpah bego bgt aing,Negatif
gw ngakakin ini sampe bego https://t.co/xP3o5oFSMm,Negatif
@dostoyevzky apseh bg oloap :v,Positif
taro singing any song in the bg ma he's adorable,Positif
@NagleKara @yeetwheat99 @QEDmostly @BillKristol this ‚Äòmarine‚Äô blocked me lmfao,Positif
Photo at cafe credit bg: @mittacafe #cafe #cafe #digitalart #artoftheday #art #artwork #digitalpainting #digital https://t.co/JRD7vbnCWZ,Positif
"@VerusQuaesitor @tubirfess lah ya kalo sama penegak hukum mah beda lagi bg, malah salah dong kl diem aja. ini kan konteks nya dosa yg ga melanggar hukum dan ga ngerugiin orang jg",Negatif
YOU ARE SO BEAUTIFUL THE BG JUST BLURS AROUND YOU https://t.co/nf2XkWi64c,Positif
@monockuma babi monyet,Positif
"@rintikina Enak jadi babi, no works no school, no stressed. Just eat, sleep, and ngik ngok ngik ngok",Negatif
tak suka diam jela babi tayah memekak,Negatif
Udah keliatan bngt si anak babi @kimdoydoie iri hati ckck https://t.co/TLqH0281kX,Negatif
"don't get me wrong, never kong hiningi sa kanya ang salary niya cs i have my own. and mas malaki ako kumita sa kanya but maliit malaki andun yung siya na ""babi may pera na sa card ko, pag kailangan mo andun lang kunin mo nalang"" as in. i am just lucky to have him hahaha",Positif
"dh ramai duk complain pasal service kau yg mcm babi, masih nak tnya lagi apa masalah kalau buat aduan?? pundekkk punya @celcom https://t.co/bdga1Wbouw",Negatif
@yedamselca @1521luvr Demi menafkahi kamu aku rela jd babi,Positif
@doyoungsurabaya babi anjing,Positif
@haewcan babi monyet,Positif
aku tahula aku masak sedap tapi babi ingat ni kantin ke order order https://t.co/6knsDyFbk1,Negatif
"Temen gue kek anjg

Gue pamit sholat ceritanya, katanya kok lama? Ya namanya jg sholat anying

Terus dia tbtb blg ""yakin gamau pindah kristen aja? Makan babi enak.""

Elu babik terus kita berdua ketawa ngakak",Negatif
@taeyongaditama babi anjing,Negatif
@txtdarisober AJG NANYA ENTOG WKWKWWK LUCU ANYING.,Negatif
@mamichuloOs keren bgt ajg,Negatif
ADYS CAKEP BGT AJG PNGN GUE PACARIN,Negatif
"@koonaurr makanya ajg, percuma banyak tp yg jbjb kaga ada bngst",Negatif
@DANDUNIEL AJG JARA LO KAPAN BALIK KE AKUN INI HEEHHH,Negatif
@streshyunk gamau ajg,Negatif
@crazyxboyz Stress lukh berdua ajg,Negatif
eh klo jam 10 dreamies up timeline gue harus ngapain ajg,Negatif
"Keluarga dakjallllllll, masa rumah gua di potong setengah ajg.tidur berdiri gua",Negatif
@cakeygula Taik hg esok nak shoot hahahahaha. Tapi tu lah rumah dah cantik. Bila lagi nak shoot ye dak?,Negatif
Habistu mak ammar suruh la dia jumpa budak taik tu.. actually ammar ada je tgok tv aku yg tak suka dorg berjumpa. Cilakenye dia tak endah aku suruh dorang pergi ,Negatif
@yeagerje Anjay,Negatif
"@ichinouze ANJAY KEREN GK, SAMA AVA UTAHIME WKWKWK",Negatif
"@zeavanna @sparklingrii anu, gimana kalo campur? pas mark rap pake boso jowo, pas baekhyune pake sunda. nah memb lain campur ada jawa ada sunda beuh mantep √©ta mah teh auto go international {anjay}",Negatif
@Rendezvouszs @loopeach Anjay meetup,Negatif
@fanffany_ ANJAY,Negatif
@ariefwibowoooo Anjay,Negatif
"@avitya_zulfa Urip kuwi sawang sinawang nduk
Kabeh nduwe bungah lan susah e dewe, awak dewe mung iso nerimo ing pandum lan bersyukur

#anjay temuwek",Negatif
Anjay keren sih https://t.co/Hav1NJRBMY,Negatif
@belift_fess Anjay pas enha cb ,Negatif
@sugardahyun @JYPETWICE anjay ngab iyann,Negatif
"malam minggu liat yang latihan renang, terasa lebih bahagia lebih manis lebih romantis lebih anjay depada diapelin doi :)

*krn g punya doi juga

#IkatanCinta
#IkatanCintaEp233",Negatif
@brkng_bad deres anjay,Negatif
@diorasning Anjay malah gw cadangin,Negatif
Hatey natang Dallas 17 points. And aku letak 3rd sub. Anjay.,Negatif
@tias_siswanti Nangis banget sumpah aku ganti hp biar gak lemot malah indosatnya kek tai,Negatif
Untung mukena nonton dihp. Meskipun agak lemot nih. Ga tau kenapa. Indih0me kenapa sih #IkatanCintaEp233,Negatif
wayv gue lemot bgt kenapasih,Negatif
"@citizenstores INI YG BIKIN GUE KADANG TAKUT PACKING BARANG ORDERAN TUH INI ANJIRR,  PDHL GUE PACKING DGN HATI YG TENANG,  TENTRAM,  DIPACKING DGN SEPENUH HATI,  TAU TAU DI KOMPLEN BARANG DAMAGE ",Negatif
@joysdilu anjirr,Negatif
@starjiinn iyaa anjirr,Negatif
@Caramacchiato1 Bahaya lah...kelamaan anjirr;(,Negatif
"@fujobean AAAA BIBOOO HUHUUU KAGET BNGTT GW ANJIRR BIBO MAHH,,MAKASII",Negatif
@joonsmine anjirr angst gni,Negatif
@loeybee1127 Anjirr,Negatif
@jidatyoshi Seblak enaknya dimakan pas msh panas anjirr lah ini malah dikasih es batu begimana ceritanya,Negatif
"@melodiousbbhyun anjirr, yok semangaat yok",Negatif
wasap gue knp anjirr ? https://t.co/2sIzy8id7t,Negatif
@idextratime 2 shot 2 goal anjirr,Negatif
ANJIRR GEEZ &amp; ANN. https://t.co/bQnQRygHkL,Negatif
@ptrrmd06 anjay santaii mahh anjirr kalo gw ditembak sama jaemin mau pj apa pj apa sebutkan,Negatif
@dijurang bgst,Negatif
@ryujeand bgst ,Negatif
@RelaHastuti26 bgst ya anda,Negatif
@jwmylve @harubby__ ak csri di gugel artinya tepung bgst @ dah,Negatif
ngapain ya anj biar kg bosen bgst,Negatif
@simpnationt @tiktok_jkt48 Bgst paketan bgt ga tuh bahasanya ,Negatif
@ladazaa bgst,Negatif
"huhu pls lah ini udah pegat setaun yang lalu tp dua""nya masi gamon TP GADA YG BERANI MULAI fucek https://t.co/3XWPXc8WK3",Negatif
Fucek,Negatif
"Don‚Äôt let the actual facts around this clip get in the way of your bullshit agenda. 

‚ÄúWhat a plonker‚Äù  https://t.co/xFw5AMIC2s",Negatif
The _____ wants to interview me for their pre-opening HR team and Im asking for 65. No less. Cause that $23 bullshit not flying. Its NOT a live-able wage in Boston and they all know that and still play in my face about it,Negatif
"@sairaspooks That's.. kinda bullshit but okay...
*instructs one dwarf to wait outside*",Negatif
I be on bullshit but I don‚Äôt be ,Negatif
@wysiwyg1972 @mciccone99 @680NEWS Bullshit! More tickets more money for them,Negatif
@LeonaONeill1 I don't recall John Home wearing such nonsense on Bloody Sunday. Clearly a bullshit optics move by your employer to make your 'reporting' a tad more fantastic.,Negatif
"@APompliano Nothing more American? What bullshit were you guys told in school. Go check what the ""Americans"" did to build ""America"". White English slaughtering millions, enslaving millions to ENFORCE their ideals.",Negatif
@jackolesliepafc @MattKassell Bullshit,Negatif
"Ik wil weer nieuwe mensen leren kennen, met andere mensen praten en gewoon alle bullshit nu vergeten",Negatif
"@mrmcfc22 Stop the De Bruins bullshit... we played the whole February without him, and we won",Negatif
It‚Äôs like every time I point out bullshit I don‚Äôt like it‚Äôs always the ‚Äúyou‚Äôre being sensitive‚Äù no bitch I see right through your bullshit,Negatif
back up on my bullshit.,Negatif
@atlvhs @arturasfanclub Brother talking like he was the Jazz come on quit the bullshit,Negatif
@RealMattCouch More bullshit,Negatif
@direfromfn thats bullshit!,Negatif
"You think that dipshit that brought my coffee gives a shit how I was doin' this morning? Not really. I hate small talk bullshit like that, man. I'd sooner have you just pour the fucking coffee in my lap and go.",Negatif
I bet if I were an emerald trust fund heir I could invent a bunch of stupid bullshit too,Negatif
Stupid idiot foolish jerk dumb damn bullshit dimwit doofus airbrain https://t.co/BshbnSV24R,Negatif
@j_ajagan @deepsealioness South Indian filter coffee is just a sugary bullshit infront of cappuccino.,Positif
"@alexacrozier @vivimeetsworld @a_rarebird @meganmmalone As a Nine, I've always wished I could be invisible at will. As an elementary schooler I was really interested in people who claimed to be able to perform magic to make things invisible.

Imagine my little Ti dom self finding out it's all bullshit.",Negatif
@kforkira1 @SebGorka @CNN It‚Äôs all bullshit.,Negatif
@ColinACurtis I preciate you and i love you bro and im so happy your still in my life no bullshit G,Negatif
Dads/husbands in horror movies never tell their wives they abt to get into some bullshit with their new home/neighborhood lmao .. mans took a page right out of the Ethan Hawke in Sinister playbook ,Negatif
"I do not consent to any of this bullshit. Biden is NOT POTUS, Kamala is NOT a natural born citizen, which disqualifies  her from being POTUS when Biden gets the 25th and the CHINA virus is horseshit. So with that being said, 46 and his HO, facemask the vax this tyranny üá∫üá∏ https://t.co/JnL3AHt65O",Negatif
So I watched the first Ep of Candace through my mom's daily wire account. Hey @KayFellowz petition to have you make yt videos just debunking all her bullshit? ,Negatif
"Call me on my bullshit
Lie to me n say my booty getting bigger even if it ain't",Negatif
@Alyssa_Milano This is real bullshit ! I hope this man owns all of them.,Negatif
Fucking umpires were cunts again tonight. How many bullshit ‚Äòhigh tackles‚Äô did they call in front of GWS goal. The AFL has turned this game to shit. So fucking soft now.,Negatif
@catturd2 @OpIndia_com I call bullshit on that story.,Negatif
Pretty much sure that hundreds of ppl who are going to like this bullshit of a tweet would believe if you told them that Vivekananda used to call Aurangazeb a beacon of tolerance as mentioned in Audrey Truschke's book. https://t.co/ADaLv1AG3n,Negatif
Me &amp; M talk all day I fell asleep otp with him he gone text me this morning talking bout get up and go to work then when I actually got up and responded he said good morning your ass was snoring I said I don‚Äôt snore he said SHIDDDDDD BULLSHIT  IM SCREAMING,Negatif
"Gonna bullshit on here today. Promo music, talk shyt wit my friends, tweet some boxing stuff, and entertain fuckery",Negatif
"The idea that if you don't fully support or heap praise on someone, it makes you a ""hater"" is such bullshit narrative.",Negatif
@AITA_reddit YTA. This was a lot of words to basically say ‚ÄúMe man. She woman so she do woman things.‚Äù You might be 36 but you‚Äôre a gah damn child and I hope she leaves you between the hours of 8 and noon when you‚Äôre working so hard you become a completely useless blob of bullshit.,Negatif
"Bot Sentinel is really good. I love seeing if a Twitter handle is likely a real person or not. It spares me reading as much bullshit or arguing with a computer. 

I recommend it. https://t.co/mXYOMgLnCN",Negatif
"Watching #THEM on Prime and it‚Äôs not an easy watch. Being the first Black ANYTHING comes with far more bullshit than is warranted. Not a spoiler but a warning episode 5, deals with rape and losing a child...",Negatif
@schlechtincrrct @adamliptak 2 weeks turned into a year. Biden had said ‚Äúalmost normal lives‚Äù in another year. People are sick of the bullshit.,Negatif
anjing rapat macam apaan ini gue berasa ngomong sama botol bangsat,Negatif
Bangsat.,Negatif
"bangsat kok iso kalah loh, tod",Negatif
OIYA BANGSAT SUJU KMAREN UDH COMEBACKK FUCK BYE GW NANGIS,Negatif
"bold to think that pure and wholesome queerness will manage to pass the purge pushed by extremist religious groups

-phobes don't give a fck abt how pure you are, they just want you and any trace of you gone https://t.co/QEao5KeyZu",Negatif
WE SAW A PASSED A JOLLIBEE BRANCH AND THE SMELL OF CHICKENJOY REACHED US FCK https://t.co/LyLB8I0f51,Negatif
"@PepTeam @ManCity @LUFC @FerranTorres20 @premierleague Fck YOU Pep,not giving a chance to KDB",Negatif
Will Childe give me the tusk?? Fck it i wanna crown Zhongli's meteor so bad.,Negatif
@futureofrep what the fck im so irrelevant how pls https://t.co/xSwMWNUseR,Negatif
@RausAusDerSlot @kpbinlost Ach was erwarte ich auch Geschmack von nem fck Fan https://t.co/6JhoxVMW0q,Negatif
"@RzstProgramming Wow. We gave this guy the perfect cover, thinking he was in the closet; meanwhile he‚Äôs running around with young girls. Sick fck.",Negatif
Fck I like it ...I'm gonna watch it just coz it has so many jikook moment ,Negatif
"@nationalpost Honestly, what did I just read? 

Rex‚Äôs word-salads are becoming more incoherent by the day. 

Where is the article are all these ‚Äúfacts‚Äù located?  

More headlines created to fck with the rubes. 

#RetireRex",Negatif
"@marathonbet Fck YOU Pep,not giving a chance to KDB",Negatif
"fck i keep forgetting, i don't have facebook",Negatif
ANJIR IYA. ROSARIA MANTEP. https://t.co/hcKxVH9AXf,Negatif
@onyourhoonf Makin diliat makin lucu anjir ki wkwkwk ga kebayang kalo tangannya gitu jg https://t.co/Hz371uafry,Negatif
"Beli skincare 200k ""mahal banget anjir""
Beli kertas ganteng 200k ""anjir murah banget, langsung co langsung tf""

",Negatif
AYO LAH BERTUMBUK ANJIR https://t.co/9OttZcWrgH,Negatif
@echaniee2 GUE RECEH BGT ANJIR masa baca replyan lo ketawa,Negatif
knp mendekat puasa gue makin nolep anjir,Negatif
@mlbbfess anjir,Negatif
ANJIR ITU SIAPA,Negatif
"@flavuey @yagkulties Anjir flaa lewat, terus gue juga paham",Negatif
@hiddenify @manrobustaa Pantesan anjir dicepuin  boro ek bebeja isukan,Negatif
@buuteetdaa terbanglah anjir,Negatif
@netfwlix anjir getol wkwk,Negatif
ANJIR KENA UNFOLL THAIFESS TERNYATA GARA-GARA TERAKHIR ON DAH LAMA ,Negatif
ini memang sepi apa ak yg flop si anjir dahla sedi bgt close saja bai,Negatif
@Leetauu @realchristoprek Eh anjir lu udh gw kasih undangan belom si,Negatif
"@prcioushjw iya ak emank gemesin anjir cuk, masa km gtw kan ak pcar mu ",Negatif
Gua join di space nya ren malah gada suaranya anjir,Negatif
"Kesel banget anjir hari pertama, kondisi lagi batuk batuk, tau kan gmn",Negatif
ati karo logika rak sinkron anjir,Negatif
@heeseungiie @Moaruu_ ANJIR SALAH REP TPI BERHASIL PAMER AHAHAHHA,Negatif
@NCTsKDY @ngetaehyung @Zdrachvi @xteenrebelx @zenneiv @ryujivaine @royalswedworp @Kzaza_ @ryanevano02 @beybeebx @alasaquensy @bukankeanu @deluv_k @jaler_leejn @octoowber @Rasgaf2 @acnaemin @trabbitkkim @muarkleee @jezmayne Maksaaa anjir,Negatif
Anjir aku baru nak pegi Starbucks esok https://t.co/L8s9dcwXG1,Negatif
"Anjir ga direspon, deg degan kan ntar apa aku salah apa barang barangnya jelek apa ada yg kurang :(",Negatif
@OittBall bihbul naon anjir,Negatif
@BemineHoon jangan sedih ka may gua jg anjir dri kelas 1 sd,Negatif
@jakeebae Pantesaaaaaan anjir ga keliatan ,Negatif
@bastrsd @peupil padahal acc gua yg ini anjir,Negatif
Seru juga anjir cerita horror gini huaaa jdi ketagihan Thankyou @radefaaaa Tpi jan takut ya dngr critaku,Negatif
@arcooly c anjir,Negatif
": ""Lo kenapa ga nonton aot?""
: ""Serem.""
: ""Tapi lo nonton tokyo ghoul, itu kan serem juga.""
: ""Beda anjir. Tokyo ghoul serem juga masih ganteng, titan apanya yg ganteng?""
: ""..... Sal, tobat.""

Tapi emang aot serem buat gue",Negatif
HAH ANJIR SIAPA TUHHHHH,Negatif
"3. Anjir apa klen seneng liat aib gw. Gw juga sembrono orangnya. Kadang bisa ngecharger hp sambil pake headset sampe kebawa tidur, terus sering naro barang sembarangan terus habis itu lupa naronya dimana",Negatif
@minionabwa kaga anjir,Negatif
@starfess ealah anjir rep nya panasss panasss sabar yahhh neraka lebih panassss itung2 ngetess dulu,Negatif
anjir ini gua ntn al andin apa arya manda cok oiya kan katany SAMA aja,Negatif
Gak ada gambarnya anjir ini Twitter,Negatif
@jeaeminx @haechanrrp @dongzyuck @jtaguar @tbzericshn @ycdium @jisuchyoi Anjir anggota Ceribel wkwkw,Negatif
@badlaet gue gila anjir,Negatif
@ATEEZofficial WE ANJIR,Negatif
ii ada jasa yabf bisa balikin akun ig ga si anjing,Negatif
ANJING KOK SEREM,Negatif
anjing ngeselin amat ,Negatif
"@IneemIjaaH Jika ada kisah pelacur yg akhirnya masuk surga karena minum yg diberikan buat anjing kehausan..

Bukan mustahil jika Izrail batal mencabut nyawamu karena sepotong makanan yg kau beri pada kucing kelaparan..",Positif
@sxwtoji tikus apa anjing ni jadi nya,Positif
@phlanetsg @kebbydel @nayxkth @kinderbelll @seokjincoree @SalEnchim @MamangJK @taenieskim @agstxxd_ @shaxzyc @taetetmphiv AJG.,Negatif
@hideuracc Gue yg ribet ajg gajelas gue ga,Negatif
"Sungguh kalo ragu-ragu itu tidak baik, akhirnya.. Dallas cadangan ajg. https://t.co/6r8FP8BW51",Negatif
@Rivaaidin Alay ajg,Negatif
@jensmalfoy ajg ama pcar orang,Negatif
"kalo lu pelit gua pelitin balik lahh ajg , enak aja , gua royal lu pelit .",Negatif
@hajelhydra wallah kgk ngaruh samsek ajg tetep bakalan juara juga,Negatif
Malu banget ajg,Negatif
gak dua duanya dah ajg https://t.co/37LCpEd9g7,Negatif
EH LOH AJG,Negatif
Ajg siapa lo !!!!! https://t.co/wYPWLELOVS,Negatif
@alocalypse @bweerz @tentzra galak bat ajg kek abis kerasukan setan yg megang jati asih,Negatif
"@DailyMCFCUpdate sterling flop min, ajg sampe emosi sendiri banyak peluang terbuang sia-sia",Negatif
@phlanetsg @nayxkth @kinderbelll @seokjincoree @SalEnchim @MamangJK @taenieskim @meenyooongiiee @agstxxd_ @shaxzyc @taetetmphiv ajg,Negatif
"@asahamasahi Kmana aja lu njir, tenggelem ke permukaan ikut dong",Negatif
@leefelixcrush sipp kmn aj njir koo ga lewat teel,Negatif
@MUSIKMENFESS Begadang njir,Negatif
@wwyongg malmingnya kelas njir kerenn,Negatif
@ryanevano02 @jaler_leejn @muarkleee @ngetaehyung @Zdrachvi @xteenrebelx @zenneiv @ryujivaine @royalswedworp @Kzaza_ @ur_bebi @beybeebx @NCTsKDY @bukankeanu @deluv_k @octoowber @Rasgaf2 @acnaemin @trabbitkkim @jezmayne sblm nikah juga lenka dah di unboxing gatra njir,Negatif
@seodarkb Njir jametie,Negatif
@indomiq_ Jarang2 njir,Negatif
@TR_CHW94 Njir jelek amat mirip lu..,Negatif
"Buset baru ngeh ini malem Minggu 
Gua baru balik gawe dari pagi wk
Gimana bisa dapet jodoh sebelum puasa ini",Negatif
@hariinihariesok @mlbbfess ih buset ngga ada discroll tee,Negatif
"@koiwazureia yellow, light blue, blue, gold, lavender (buset pandemic), pink (kasi lookalike ka nga ni reia), and black (kaso di mo naman kakainin for sure)",Negatif
"@vrnjyncl_m kanina pa te, pero wala, hanggang don na, wala na nangyayari, buset inspirasyon my ass HAHAHAHAHA ",Negatif
Buset pldttt,Negatif
@rlfess_ Buset lama jugaa,Negatif
@simpinkuroo Wahh gue pernah jadi wannable sekali gara2 nontonin zero base buset gue setel plyalist w1 gak berenti nangisnya,Negatif
buset na blood pressure,Negatif
"@Bluefessland buset br deket udh uwaewe, tiati ye nder",Negatif
"@nola_rossa ga hey, nih lagi ngibur temen yg habis putus cinta buset",Negatif
@jayhoon_zia @JYPETWICE BUSET KA-zia,Negatif
"@drippsio buset, coba bikin aku baper pake typing ganteng, bisa gak?",Negatif
@nisynwafer @Alarsszz @glowupnrich @dhilxa @starandmoon__ Buset jauh dari kamu niiiis,Negatif
"@tesana_13 @S_SiscaJKT48 W baca angst kapok bjir, sakit bgt",Negatif
@SukaFandi bjir wkwkw,Negatif
@sschengdong @nctkmdoyoung @liuyavgyang @coxswgg @jishueng @nctaeyongxx @kunx1d Suruh bang bulan jametnya di ilangin dong gue yg malu bjir,Negatif
@a_osul bjir,Negatif
@djum1607 Sialan nih Jum,Negatif
"gapernah. tp pernahnya, pas lagi dikantin makan karna katanya gurunya gamasuk. tp tbtb disamperin salah satu temen ""bu..dateng cepetan"" anj lngsng gue tinggalin tu mie sialan tbtb gajadi izin guru gue https://t.co/6DbrxUjxKX",Negatif
@kangenjungwoo sialan gue nungguin loh :D,Negatif
@anaknyamaubucin enak sialan,Negatif
@sungwonsshi SIALAN KOK JADI YG PERTAMA,Negatif
@iskandar__fauzi Memang sialan mereka,Negatif
demi apapun hampir 3 hari loh ini sialan bener dah hotbit https://t.co/f04al65lKl,Negatif
Fuck off,Negatif
@steve_vladeck @nycsouthpaw @adamliptak @stevenmazie @howappealing @Arianedevogue @JoanBiskupic @scotusreporter @GregStohr @AHoweBlogger @mjs_DC @imillhiser Fuck you scrotus,Negatif
FUCK ME,Negatif
@xxxtarynxx fuck yeah!!!!!!,Negatif
"Dallas with a Late Goal

Fuck Pep!",Negatif
Fuck this team,Negatif
"Ch 139 Stans, ""Here is your stop convincing stfu challenge""!!!

We have brains and Critical skills to think. You got what you want whom the fuck are you convincing. May be you actually??!!!

We are raw and clear about it.",Negatif
Fuck off city you shit bastards,Negatif
@rogformer @RaveLordeNito @godfree The fuck you on about?,Negatif
"‚Äúf-fuck, c‚Äômon pup, fuck me.‚Äù he mewled.

the alpha nods obediently, rushing to remove his pants and boxers. at the same time, koo sits up on the bed, dropping his robe to the side and reaching back to unclasp his bra.",Negatif
OH FUCK OFF,Negatif
"hahahahahahah Man City fuck off, karma at its finest for being boring passive cunts. Love it.",Negatif
Take that city fuck yessssszzs https://t.co/EzeVHXzjQQ,Negatif
@ClaresCustoms What the actual fuck you‚Äôre beautiful inside and out bet ye he‚Äôs a mickey like a cocktail sausage,Negatif
@KalenLindley fuck yes,Negatif
OMFG GET THE FUCK INNNN,Negatif
"@twomad @BarackObama Sheesh I know his last name is-
Fuck the fbi is here again brb",Negatif
Fuck willer grove,Negatif
DALLAS WHAT THE FUCK,Negatif
fuck 4k this is 1080k https://t.co/eXlujQP3oH,Negatif
@TheBluestStar @akciff3j @redhead_ordead What the fuck! That‚Äôs just sick! Why would anyone do that. There are some right awful people,Negatif
What the fuck hahahahahahah. GET IN THERE!!!!!,Negatif
Raheem Sterling is so fucking shit I can‚Äôt deal with it. Fuck off #MCILEE,Negatif
DROP HIM INDEFINITELY I DO NOT GIVE A FUCK,Negatif
Just fucking sell Sterling at this point. 400k per week!? Fuck off man,Negatif
With apologies to @NewRockstars and @MasterTainment that was more of a Winter The Fuck. @dapr0bl3m2388,Negatif
@antistruggletw WHAT THE FUCK IS THIS,Negatif
"@RoyalFamily Holy shit... while sad yes, shut up. People die daily yet we don't see this kind of coverage about it. Non stop all over the news. Get over it. He was old. He wasn't going to live to 100000000 years old what the fuck do you expect????",Negatif
@kikioutsold Are grown women not allowed to enjoy music and do whatever the fuck they want with their cars?,Negatif
I HAVE BEEN SEARCHING FOR THE COMIC WHERE THE LAST PANEL OF IT IS THE DUDE STARING IN THE MIRROR CRYING BC SOMEONE CALLED HIM GAY WHERE THE FUCK IS IT,Negatif
@posiesoulmates_ FUCK YOU BAEEEE,Negatif
Fuck the patriarchy.,Negatif
Yo bitch we rich as fuck,Negatif
I tweet for the fuck of it don‚Äôt take it personal,Negatif
"@Locodoco How much Poker have you played Loco? Dropping 20 buyins at $1/2 is not outrageous in terms of variance, but you are likely heavily outmatched. $200NL online regs today are though as fuck. It takes a lot of work to beat that on any decent site.  You don't get there in a week. GL!",Negatif
@Tsalma212 Im Algerian im Moroccan im Tunisian im Arab im Muslim that's why I won't go fuck myself,Negatif
You selling Pussy I don‚Äôt want to fuck cause anybody can hit you,Negatif
"Fuck, Sterling is shit, man.",Negatif
"5b spoilers/

what the fuck- https://t.co/qQvfbt5kea",Negatif
@ereyga_ Fuck,Negatif
fuck da police,Negatif
"@madisonn_claire So it‚Äôs creepy for someone trying to shoot their shot now?

Guy meets someone at his work and was probably too nervous to ask straight up so he tried an alternative way. 

Get the fuck over it. Check out my quote tweet video. That‚Äôs ok though right? 

My goodness yall.",Negatif
been in my feelings lately but FUCK FEELINGS nah fr,Negatif
"""You need America"" lol fuck outta here. I'm fine with a smaller CFL if need be. https://t.co/cwlf7mAYYR",Negatif
Fuck me that city pitch is slippery af isn‚Äôt it #MCILEE,Negatif
@monicabiingg Fuck them baba,Negatif
"@Gxlden_Chain ‚Äú...‚Äù
He doesn‚Äôt give a fuck.
SNATCHING THE SHARK PLUSH HE RUN OFF.
MOTHERFUCKER-

Also pspsps this is cracked rp this is not canon ok?",Negatif
"Everything I've experienced in the last few weeks just makes me want to leave society MORE, not go back into it

I mean, I'm not going to get screwed over by evil scumbags for a living, in any way, housing or otherwise

Fuck that, I'll do anything BUT that, thanks",Negatif
"How is the Josh

Fuck the retweet  button

CEEDED EMPEROR RAMCHARAN",Negatif
We don‚Äôt give a fuck https://t.co/lvy215iZOY,Negatif
"I don't want to FUCK deranged psychos with a long and storied history of killing everything around them
I want to be them.

Or fight them constantly in a kinda gay nemesis way",Negatif
Shit only get better and better no such thing as falling off. Porsche truck coming doing everything these niggas wish they could do. Go fuck on them niggas they look up to me. Having my way fr these niggas ain‚Äôt having no kind of way...lol the broke way,Negatif
or I can say fuck it and just get off a hour early,Negatif
"@JakeLobin Get medicine or health supplies, what happens to the large amount of people who want to stay in the US but can‚Äôt afford to move into the US once Texas succeeds, what the Texas currency will be and how it‚Äôs valued by the international market, but fuck all that! FREEDOM!!!",Negatif
"@smartbagginth @rosieshlaps hey emer remember when a trans person expressed their frustration that people in their community with pressing immediate needs couldn't aquire funds as quick as a startup in a failure prone industry and you told them to fuck off cause I do, you gonna apologise for that?",Negatif
"@dreams_rin ...IT'S THE FIRST TIME...YOU SAID THAT I AM NOT A COWARD....THANK YOU SO MUCH BROTHER...I...I WILL SAVE YOU FROM YOUR FATE!

[Keqing tries to attack Scara but she trips over a nearby rock and falls on her face]

FUCK-",Negatif
what the fuck is this saying? help https://t.co/SnRHcEQTV0,Negatif
@finIeybot Fuck. My balls fucking hurt.,Negatif
We need to open the fuck up https://t.co/Yijf1BzPNc,Positif
"AND FUCK BILLBOARDTWICE
ITS TIME TO TURN THE NOTIFICATIONS OFF",Negatif
"@DeweyDecimel @Cee_Bus @HGWelp @WrMatthew @bIackwtchgenji @snide_sally @CdyRnkn @AJMoorehead Never said they weren't, but I still don't give a fuck",Negatif
Sterling dey fuck up,Negatif
@Harrison101HD Fuck sake I hate people,Negatif
"@BahamutRakon *heavily gut bumps*
Fuck yeah!",Negatif
@agentredgirl Fuck I can‚Äôt wait,Negatif
"@nw_nicholas Jesus fukin H Christ. I think i will build a wailing wall, so all these brainwashed sheeple can get together and mourn theirselves tae fuck.",Negatif
// fuck it I'm going to do plan b https://t.co/jqSHV7NS1X,Negatif
oh fuck x2 https://t.co/G0uSIB13Xx,Negatif
Tsimikas is as pointless as Davies when Klopp is still around man. Fuck this club and fuck that man,Negatif
I salute the girls who do squats everyday because fuck thattttt,Negatif
@0nlytxt @gyuutastic what the fuck i was like diD i eVen cOmMenT thAt ,Negatif
ang swerte ko fuck,Negatif
Ik this is cheesy and annoying and you prolly dont even give a fuck but I love my bf and he cute as hell ,Negatif
Woke up to my ex and my ex best friend having blocked me last night and now I'm confused as to what the fuck happened and why they both did it at the same time,Negatif
"@devilsthrowaway holy fuck, meron? god it's been so long since i heard of AQ. good times",Negatif
You rich too fuck you and your thoughts https://t.co/N6ovMUyoSq,Negatif
"@Tbone7219 Well fuck yeah, play that 100% adrenaline shit and it‚Äôs on.",Negatif
Give Sterling away fuck me no wonder he doesn‚Äôt start regularly hes fucking shit,Negatif
@__yungcracker Fuck,Negatif
"@AlexSAFC22 @ALS_Fanzine Means fuck all, they can have another child. Today‚Äôs 3 o‚Äôclock only comes once",Negatif
"@smolrobots And the ultimate crime for them is to use your position of powerlessness against them. That's why you're not allowed to just quit, stop paying, or tell them to fuck off.",Negatif
@ClGARETHS whst rhw fuck stip rubbnig ut in oksy,Negatif
"Making it mandatory will start a violent, bloody civil war that would undoubtedly kill more people than Covid. 

If you think these people will give a fuck about a law, you need to rewatch all the footage from January 6th ASAP. https://t.co/66ZAn3YxxJ",Negatif
@BlueTomatoDev ya just wanna fuck her. https://t.co/GjMy7C6lUw,Negatif
@canni_bal_ fuck im glad your okay :((,Positif
"@XRP_OWL FUCK YES ! We definitely earned this . 
Thanks for all you put into this. I got in about a year ago not knowing anything about crypto. My life is in the process of changing for the better right now due to folks like you. Thank you so much for all your hard work. ",Negatif
"Bitches b trying to ‚Äúomg girl what happened? ‚Äù Their way into your business, girl fuck you.",Negatif
IM LITERALLY CRYING HE DEFILED THE SHIELD FUCK JOHN WALKER,Negatif
@paulbIack Fuck @ShadyLawrence‚Äôs drag right https://t.co/GoKTqVcZR5,Negatif
"Chapter 131 of Attack On Titan is one of the most disturbing, horrifying, and just utterly heartbreaking chapters that I have ever read. Like seriously holy fuck, that was too much.",Negatif
how my dad block me? lmfaoooooo stupid nigga i don‚Äôt even wanna fuck with you,Negatif
Fuck playing gunlike https://t.co/uF5IJnbwZF,Negatif
"@BL00DYCLAW Or what? I‚Äôm gonna find that oretty favourite mirror of mine broken? 
Oh mean, S! 
You don‚Äôt seems to know much about me, I NEVER shut the fuck up. Sad I‚Äôm still on dml.",Negatif
@dj_Grayskull Hahahahahahahahahahahaha Holy fuck this is gold.,Negatif
What in the actual fuck Kohei,Negatif
Sterling been shocking fuck me,Negatif
Fuck off sterling man wtf happened to him,Negatif
10 episodes of a cartoon where they dont speak yet im bawling my eyes out each ep???? fuck man.... /pos,Negatif
a very big fuck you to one ex in particular who used to make a huge deal out of me explaining my self ,Negatif
"5'6"" and ready to fuck you up",Negatif
@BeeFucker Wait a second what the fuck are these things called I had like 30 of them as a child but no memory of what they are,Negatif
@Mxchvxl Heart breaking even. Fuck the sec,Negatif
@Koffy_9 Nope. These crackheads will fuck up your body,Negatif
Sex don't matter to people who don't know how to fuck,Negatif
Fuck this guy. Literally hindi maadmit sa hospital ang mga regular Filipinos and he gets treatment right away? https://t.co/OyON2EgSkF,Negatif
Getafe and City can fuck off,Negatif
White claw update - American homies WHAT THE FUCK ,Negatif
"""what does jimin tell him everytime he goes out? 'don't get yourself killed darling' fuck """,Negatif
@RustySkullgun @Tlo200 @JackPosobiec Also hilarious you tracked me down after a month to show me. You want me to hang this tweet on refrigerator? Such a sweet racist fuck.,Negatif
@alindyan ????? what the fuck????? its a no for me,Negatif
Fuck this life,Negatif
fuck it,Negatif
AND FUCK VIDITOR https://t.co/a1y3opTrBy,Negatif
@crazyhorse4u @laurenboebert And are ready to rock and roll to protect our freedoms.  Guess what most of the country is exactly the same mindset as me so you're waaaaa! Guns are bad waaaA take them away waAaaaaa I'm scared and need a safe space waaaaaa fuck outa here ill never give that right up Nor will,Negatif
@itsrasheeyd FUCK Y‚Äôall,Negatif
Man fuck that school https://t.co/3l3B6qyUh4,Negatif
"What in the fuck....
 https://t.co/QVtLAm570y",Negatif
"I‚Äôm a savage, I might fuck around and fuck mine in my whip",Negatif
@crymeariver6666 Wearing a mask under the nose is a big fuck you to the world.,Negatif
"Going to crash.
Fuck my brain!
Fuck my pain!

Night kids!",Negatif
"fuck, sterling is useless.",Negatif
tell me why the hell i had a dream about me and my guy best friend dating tf- and i‚Äôve never dreamt about me and my crush dating fuck this shit,Negatif
Fuck off man,Negatif
I PASSED FUCK YES !!! https://t.co/YiPkdTUGAw,Negatif
what the fuck is an ancient grain,Positif
How the fuck r u still alive https://t.co/cStg3pyxWN,Negatif
"FUCK OFF a my device is destroyed darded through the i'm still stressin about, making me be darkness consuming me",Negatif
Sterling and Jesus just fuck off,Negatif
"@summersteinsf @chillywillers @thehill Go look in the mirror if you want to see hate Jack, blm = kkk 

pathetic as fuck.

Also stop seeing your self as Something-American
you're born here you are American, stop bullshit on all ends",Negatif
"soll man das ernst nehmen wenn ein typ in seiner bio ""suche friends"" hat? bc I'm tryna fuck",Negatif
twitter really did fuck the shit out of the quality- what &gt;:( https://t.co/1yvKO2zZfR,Negatif
I didn't appreciate Nicki Minaj when she was out. Fuck these lil dumb bitches that's rapping now. They all act hard but be getting dogged by these pussy ass niggas ,Negatif
Stood up for a cashier at Winco this morning who was getting cussed the fuck out for doing her job and got called weird. Feeling pretty good about it.,Negatif
"Fuck me sterling, absolute shite today",Negatif
Sterling man what the FUCK,Negatif
"Happy Saturday lovelies! 

I hope you have a wonderful day!

And...
Fuck you Matt Gaetz! Happy tweeting! https://t.co/C6jN4BQlKG",Negatif
the fuck do i do when sabotage is all i know,Negatif
The best part about being one of like five Italians in the Steel Ball Run is that I can tell interviewers to fuck off and they'll think it's a compliment.,Negatif
"@HereComesJaeger Eren, why the fuck are you looking for a bulge?",Negatif
"/offering himself/. holy shit. it took him a second to register the fact that, yes, koo wanted him to fuck him, and that he needed to respond.

‚Äúi- yes, please.‚Äù he said desperately.",Negatif
@RepMattGaetz You literally have no impact on policy other than voting against sex trafficking bills and being annoying as fuck.,Negatif
fuck 30km,Positif
@_herrinsarah Fuck him ,Negatif
Shit sounded like he was saying ‚Äúfuck Chelsea‚Äù https://t.co/s8KgZwairb,Negatif
Fuck I love Taylor swift and all the feeling she makes me feel,Negatif
"@long_daze @globalnewsto Honest to fuck, if my daughter tests positive I will bitch slap DF into the last century. Outbreak at work. Management doesn‚Äôt notify staff. More cases. People told to self isolate for 14 days with no sick pay because one needs to test positive to get the federal assistance. ",Negatif
wait fuck https://t.co/a3uYZnZWgA https://t.co/uk2TdHGlha,Negatif
@zed_hearn @Matthew81_ @miffythegamer Fuck me you people are beyond help,Negatif
"@douladeeds ok fuck this lemon water sis, drop the addy",Positif
Fuck Raphina I hope every manager who ever thought of buying him saw that terrible miss.,Negatif
@sandraaaanya3 since mekdi nempel di otak. I choose fuck!,Negatif
@KathyTheLeafBow I can fuck your boyfriend and call it sharing. :troll:,Negatif
"@jjadhav94 @7Cricket Who the fuck wants ipl in England, keep it in the country of cheating so much better.",Negatif
@JanetMasonXXX Oh baby wanna fuck u that hard so u couldn‚Äôt walk after sex i will tear apart ur holes,Negatif
FUCK I RHINK MY COUSIN IS SCARED OF ME,Negatif
@rosiekisser @yeehwastruggles WHERE THE FUCK IS A CAT COMINF FROM,Negatif
@jacob_dotcom Now I'm in the backseat trying to fuck megatron,Negatif
First episode of sam and max features vore what the actual fuck,Negatif
@WAPEnjoyer Fuck I do ????,Negatif
"I'm dope I'm dope*

it's not that hard...

fuck loyalty*

they all shit artists*...

@KimKardashian got me...",Negatif
@ars131cyj sTOP! WHAT THE FUCK! WHAT THE HELL IS THIS!,Negatif
@bixxilution @beauty_hip_hop The fuck you calling me a clown for? It's my personal opinion ,Negatif
"‚ÄúHey good morning Kanye.‚Äù

‚ÄúShut the fuck up.‚Äù",Negatif
Fed the fuck up,Negatif
@DammitArsenal The last time xhaka was captain he told the fans to fuck off. Might be best he stays away from the armband,Negatif
"Y'all remember when they were saying ""Y'all wanna be oppressed soooo bad"" to BLACK PEOPLE???
no bc what the fuck was that ",Negatif
@jahmario__ Fuck my phone,Positif
FUCK YES PLEASE ANOTHER JUNHUI SOLO ,Negatif
Way too many people acting like they actually gave a fuck about DMX. Y‚Äôall know five words to all his songs lol,Positif
DMX had be proud to be named Earl because who the fuck names their child that,Positif
@_kxmuii @twiceokay @jmackyoungmonE @3rinMcKay @plvyboiant @4rtbody you misuse the word bussin please KINDLY shut the fuck up https://t.co/lv3RI4HvFE,Negatif
"fuck the birds, also i can sense the insects from here https://t.co/3G4t5caFdV",Negatif
"Once you start living life for yourself, shit changes. I can‚Äôt say I haven‚Äôt been sad since but fuck thinking I don‚Äôt deserve happiness when i ain‚Äôt done nothing wrong.",Positif
if u don‚Äôt fuck wit me or on some fuck shit or see some fuck shit and don‚Äôt tell me don‚Äôt come around my motherfuckin house nigga i stg,Negatif
How the fuck do these people exist? https://t.co/3brm2mcV2z,Positif
"Songs*
Then: put your head on my shoulder.
Now: before I die I'm tryna fuck you baby.

WHATEVEN",Negatif
"even though my therapist is being paid to give a fuck about me, i'm convinced she's the only one who does give a fuck",Positif
Im3 lemot tumben,Negatif
"kalian pernah ngerasa lemot pas diajak ngomong? sering lah, biasanya nggak paham sama topik sii kalo udah lemot gitu https://t.co/N29tQaiodE",Positif
@Chubbycox18 All bullshit join me,Negatif
"@TitSlit @MittenstheGlove @IyannaTutson @negativity109 @2knCash @MukariaK @itsNotLamar @bthemovement_ But that‚Äôs the thing, if the OP was dressed up with another man he wouldn‚Äôt be calling it no ‚Äúfriendship date‚Äù he would say ‚Äúme and my boy going to eat‚Äù or some bullshit. He called it a ‚Äúdate‚Äù because it‚Äôs an attractive female. If they were just friends why it had to be a date?",Positif
@ChrisAlbertoLaw @joncoopertweets That‚Äôs bullshit,Negatif
@GeeNoble__ no bullshit. I'm done tron understand it,Positif
@wannabeurcrushh anjing virtual kak,Positif
"""ngapain kuliah2? kayak bakal lulus aja""
""gua sumpahin kuliah lu ga lulus""
""ngapain ngurusin kuliah lo yang gabakal lulus itu""
""semua kayak gini gara2 lo kuliah2 anjing""

eh anjing, klo w cakep juga w udah ngejablay dru dulu, bajingan u smua",Negatif
@Winnietheyooh12 NGGA ANJING JUGAAA ,Negatif
Ih bagus anjing aku kentut :(,Positif
@bibliogryff cicak tapi kek anjing tapi cicak,Positif
@kmljiwoo tu filter ajg smg km eg kya ajg y,Positif
@ajplus Things gotta change in the law enforcement because this crackers be thinking that because they say jump we got to jump and no fuck that. Things have changed,Negatif
What in the fuck #LIVAVL #LFC https://t.co/kYA7AxI65t,Negatif
@khalilharrison 2 burgers 2 chips and a drink for ¬£2? How the fuck did them niggas profit off of that khalil,Positif
You're beautiful okay ? Fuck society's standards.,Negatif
Fuck keyboard,Positif
Fuck off City. 20 attempts on goal to 10 man Leeds‚Äô 1,Positif
I truthfully have the most gentle and cuddly German Shepherd but that fuck is so frightening when he‚Äôs angry ,Positif
"@RepMattGaetz Matt, fix it or get the fuck out of town. You are a reflection on all of us.",Negatif
Fuck Wrys,Negatif
@Dammymale @LIrlam @YESITS_DANIEL @KarlaHilton1 @mjash03 @utdreport Jose spent some ¬£400m and did fuck all.,Negatif
fuck quiting,Positif
Did someone said crop top? Fuck yeah. I‚Äôm even resharing my new cape because it deserves to be loved! https://t.co/SsNCEboKy1,Negatif
@3icefreeze glad i missed out but fuck stealing art,Positif
fuck i lost my mood after saw those edits,Positif
@KeqingIsOwO @FoxBoyJammi The fuck,Negatif
"All I want is that before my feeble form expires, I get to experience the euphoria of a DJ in a club on some absolute Real Shit and dropping Mortal Kombat's Techno Syndrome in the middle of us all dancing and the crowd gets hype as FUCK. https://t.co/C07VjQmUtC",Negatif
FUCK THREE MINUTES,Positif
where the fuck is my money,Positif
fuck this emptiness,Positif
what the fuck am i readin,Positif
@DavidGr07837209 Is Fuck Off one word?,Positif
"usually i don't give a fuck about line distribution because my 1st priority is the song, not the ppl who sing them

but since this is a survival show, i feel a bit irked seeing No.5 team performance put so much focus on 1 person",Negatif
Fuck yer fitba coupons drap yer grand National picks,Positif
fuck it im uploading,Positif
@Moorelife1 Fuck blue,Positif
Fuck it we live on a floating rock,Positif
what the fuck is wrong with him https://t.co/2bjI2zSJep,Positif
P.S: I FINALLY MADE IT TO HIS FINAL DESPERATION MOVE AND I'M FAIRLY CERTAIN THAT'S NOT POSSIBLE. FUCK THIS GUY.,Negatif
@8cyl_bot  oh yeah it as fuck,Negatif
what the fuck just happened,Positif
Fuck Pump,Positif
just caught myself smiling like a fool fuck https://t.co/62LxZ1k0TF,Positif
@BaylieeBardo Like if a dude approach you on some dead ass ‚Äúlet me take you out ona date‚Äù type shit. Are you gonna think he just tryna fuck or you gonna take him seriously as if you never made one?,Negatif
@joinaunionpls What the fuck is wrong with you,Positif
@troubIescoming WHAT THE FUCK.,Positif
fuck cinder fall,Positif
"what the fuck i am going to cry 

#HuYetaoTheMVP #CHUANG2021xHuYetaoEP8",Positif
@RetroSpecter_ what the fuck retro,Positif
"ise offer to pay regardless cause when it‚Äôs time to order food , ise order a bunch of fuck i don‚Äôt expect him to pay for  https://t.co/yVxlK4Z3nb",Positif
@quirkyfication hold the fuck UP,Negatif
Fuck what you heard,Positif
you'll fuck your own self up tryna rush out knowing you gotta wear a mask and aint brush yo teeth...,Negatif
"Most humans on this plan{et} are just tourists in our #Universe #FuckHaterNeighborTrumpets #Fuck the #OLimPeons Olympians ain't shit to a #TrueOGod #Titan #RememberTheTitans &amp; #Titanic &amp; Titan named in book that eerily #Prophesied it in 19th century,no joke.  https://t.co/3km0m9W5O3",Negatif
fuck kingdom https://t.co/gHoiZ1HeD2,Positif
fuck off i dont want to do any assignments today ,Positif
"yall ,,,,, what in the actual fuck",Positif
Like someone here happens to not blv in covid because his husband doesnt blv in covid? Like are u stupid? Does being married make u stupid? Because what the fuck,Negatif
"My neighbors dog was outside at 8am barking non fucking stop for 45 minutes.  I finally screamed shut the fuck up out my door and slammed it and her ass yanked him inside so fast. Lmao
Like bitch wtf its SATURDAY. People are still sleeping at fucking 8am",Negatif
i cant draw shit fuck the digestive system &lt;3,Positif
@SweetPmemories what the fuck was that,Positif
"""Slippin"" hits me way harder today then it ever has.... Fuck.",Negatif
@shouyourlove WHAT THE FUCK DO YOU MEAN ANGST ENABLER KSNDKDKDK AND THINK FAST I DONT WANT TO CRY AGAIN TONIGHT,Negatif
Gonna fuck up some pizza rolls today,Positif
Why the fuck has Romeo come on,Negatif
"@google_result @huey4k what the fuck Cuba, one of the poorest country on Earth, which knows an economic embargo by the US, has not saved 120 countries??? that's a shame!! socialism is a mistake  (and fun fact: they actually saved many ppl https://t.co/BtCFcEg3hy)",Negatif
@YAMMYUTA fuck my phone,Positif
Put your guns up against my throat as you fuck my cunt and calling me ‚ÄòDoll‚Äô. Watch me stop you from pulling the trigger because I'm the only one who will satisfy your insatiable desire. https://t.co/JvbV40xK6V,Negatif
@cirogomes Who the fuck is Ciro Gomes?,Negatif
"""scare the fuck out of you"" ??? you just go around calling people slurs and sending them their triggers. you aren't scaring people out of using them, you aren't ""protecting trans integrity"", this isn't some sort of ""evil"" you're fighting against. https://t.co/rLgt03Q6C9",Negatif
@m_p_1944 @johnmor86653527 Smashed about 5 bottles of vodka over that shift and fuck knows how much else ,Positif
"so if i'm not willing to fuck transgender people then i'm transophobic, this means that gay people must be sexist and that if you aren't a pedophile you hate children",Negatif
@kgnwinwin @nyutacult mulai anjing,Positif
ANJING https://t.co/SRjhuzXXIW,Positif
gk bisa save anjing,Negatif
@kaedelph anjing adab lo marebu?!,Negatif
@mantan_awkarin Gpunya anjing,Positif
"@karinthesin aman kok nun rencananya malam ini saya akan kembalikan satria ke nuna, dia anjing yang cukup aktif dan juga pintar saya jadi ingin culik dia saja rasanya",Positif
Ya anjing masa gue gnti wallpaper lg woi,Negatif
@BELIFTLAB @yoongiiaaa GANTENG BANGET ANJING ,Positif
@xxvouezz anjing gwe kira beneran,Positif
"@gantejng @tertekani anjing, cringe banget ",Negatif
@mashihio @rhujinds YAKAN SEBELAHNHA RYUJIN APAAN? ANJING,Negatif
@ssunjjwonie siapa KAKEL BASKET ANJING RYENE,Negatif
ANJING ULANG ULANG,Positif
"@starfess 1 punya anjing cowok, 1 punya anjing cewek",Positif
"@octopzus HAHAHAH nebak doang elah, iya bener gua masih bocil karena masih 15 cok maret kemarin baru ganti umur. Lo tahun ini 17? Yayaya gua anak babi paling lucu pokoknya. Ya anjing lo bacot bat dha.",Negatif
@iniestebu Mmg segel tp bisa anjing laut,Positif
LU KEREN BGT ANJING https://t.co/SypWywTtqH,Positif
@yxjim ANJING KEIKUT TOLONGIN KAKK,Positif
@blvckcardd SAMA AJA ANJING,Negatif
@utahimae ANJING DIEM,Negatif
"hayang jadi karakter anime anjing, bae jadi normies anime ge mun teu jadi sidechara yang penting teu di antapani imahna, di jepang ieu mah.",Positif
"dulu gue stress grgr ujian, ngga ada tuh gue dimanja. dikit dikit diomelin, dikit dikit dimarahin. padahal gue cuma ngga mau bantuin dia kerjain kerjaan rumah? i mean, gue lagi ujian anjing.",Negatif
ANJING GANTENG BANGET https://t.co/Ser2uCO1CI,Positif
anjing ini gimana gue ketawa dengan bgm wayo https://t.co/Hozouejoqr,Negatif
Anjing anjing anjing,Positif
@anisadwila20_ itu anjing,Positif
@itsrandick bagi satu anjing,Positif
@smoee @moonareas lu kemana aja anjing le gakeliatan,Negatif
Kasta anjing dan babi pun lebih tinggi dari dia,Negatif
"ain jangan php, nsd lo mana anjing",Negatif
Shio: Anjing,Positif
@zzenalite suara anjing tapi versi inggris,Positif
Beneran semi apapun film ini Dahlan parno bgt anjing gara gara nonton inu https://t.co/e968jsMEfo,Negatif
@iPatYoshi KENAPA LU HAPUS ANJING MAU GUE ABADIKAN,Negatif
ANJING.,Positif
Tpi itu telinga anjing bukan si,Positif
WHAT ARE THEY FCKONG DOING OMG ANJING BENTAR DULU GUE GEMETER BANGKE NGAPAIN ANJIR LO BEDUA TOLONG BANVEY??!!!!! https://t.co/86ETRn3g98,Negatif
@txtfromavakorea ANJING KETAWA BANGET,Positif
"apalagi saat kamu memiliki anjing yg diurus seperti anakmu dan mba CC ak tetap menyukaimu 

@ShawnMendes",Positif
CEKEK GUE ANJING DEMI APAPUN https://t.co/XhQPBx91Ee,Negatif
@jaehyukbandung GUE KETAWA BANGET DIEM GUE SALAH ORAJG ANJING,Negatif
"@yyeoliyeol @biskuat__ Peka dong typo guys, ohh kirain cuman asu only yg artinya anjing",Positif
Anjing panas,Positif
aku lebih baik diam dari pada menjawab anjing menggonggong,Positif
@vinsenna_ @FWBESS Angkat tangan aku gara gara abang ini.. bagus x anjing,Positif
@ainnhandsome weh rindu anjing,Positif
anjing https://t.co/Z4f8MHs6kt,Positif
"@JAPANFESS iih iya ini healing banget buat dtontonn, gemes gemes, apalagi buat yang suka kucing sama anjing gituu",Positif
@memefess Istri 4 anak 25. Persis kek anjing gue kalo beranak langsung bejibun,Positif
anjing,Positif
kasian banget kucing kampung depan rumah gue sakit sampe suara meongnya kayak suara anjing:(,Positif
"Masalahnya sampe batch 4 anjing, emang negara kita isinya ngentot doang. https://t.co/Gtuua83bHh",Negatif
"Lagi ingin berkata kasar, sgt sgt meng anjing kan",Negatif
ANJING JADI INI?!?!!!!!???  https://t.co/SNxFKN5d9s,Positif
anjing,Positif
@lonjwinnjun_ ANJING KOK COCOK????,Negatif
ANJING https://t.co/10CdYocuQ3,Positif
ANJING UDAH GILA GUE,Negatif
"Emang gimana lagi
Fashionku ya kenyamanku
Emang bajuku ga banyak tapi semua itu nyaman &amp; masih cukup layak pakai juga

Terus di paksain nurutin jaman sekarang terus menerus end What the Fuck Selatah itu kah aku?

Aku adalah versiku
Standartku 1 ga double Standart

Anjing :)",Negatif
anjing,Positif
ANJING https://t.co/z0iMoaURr7,Positif
@listy9021 Anjing pintar...,Positif
@94bubletea mar anjing,Negatif
@BELIFTLAB ANJING GA KUAT,Negatif
dahhh bisaaa anjing enak bgt lagunyaaaa,Positif
@haecdrift ANJING JANGAN LAHHHH,Negatif
SUMPAH ANJING KAYA BUKAN SUNOO? https://t.co/exqPlSz6AV,Negatif
@presitden @phrincearvel @nouahf @brcgadier @jisungvhan @jendwraI @muvrder @kaenyal @jupitder @baeqhyoun @cvterpillar @taeyoeng @kimdtaehyvng anjing monyet mulu,Negatif
ANJING SINTINK,Positif
@neuedy ANJING JUDULNYA,Positif
@kuangi_love sama ngiranya kambing ternyata anjing,Positif
@92DAPARADISE Biasalah anjing lagi menggonggong,Positif
@jetaiminyoongi @day6official anjing,Negatif
"BANGSAT KEBIASAAN TYPING KALAU JAWAB DIDEPAN KALIMAT SELALU GW KASIH ""OH"" TERUS BARUSAN BALES CHAT ATASAN ADA OH NYA ANJING MASALAH GA SIH INI",Negatif
ANJING ENHAAAA,Negatif
anjing https://t.co/pzewM6L1kD https://t.co/eMu0nEat4s,Positif
anjing,Positif
"@anaknya_mama_ku namanya dio manunurung panggilannya OMEK
namanya richard aditya purnama panggilannya anjing, gimana coba",Positif
ANJING,Positif
@rocie_aww_roses udah bukan anjing,Positif
"@kuangi_love Sampek sekarang pun aku ngira itu kambing, itu hewan apa sih, anjing?",Positif
GALAK BANGET ANJING GUE TAKUT https://t.co/TJPGSUFv2c,Positif
Dokter hewan memastikan apa anjing itu sakit atau tidak melalui keadaan dan bau di dalam telinganya. #ilmuDC,Positif
anjing https://t.co/gOkYSXFHwm https://t.co/P4sgNawLlw,Positif
"@kuangi_love PAS LIAT FOTO VERNON GUE NGOMNG ""ANJING VERNON GANTENG BANGET"" EH PAS DI TAP FOTONYA BENERAN ADA ANJING NYA, GUE KAGET ",Positif
Itu namany anjing https://t.co/CA3aM40Az4,Positif
@aglioolio03 Ini anjing w yang jantan ya. My first love,Positif
"mianhe anjing aku ijo, printernya mbelektot

#NCTzenSelcaDay #NSD #JENO
@NCTsmtown @NCTsmtown_DREAM https://t.co/ACrO7nKa6r",Positif
ANJING https://t.co/k0K1XsBRG8,Positif
anjing,Positif
@myeogho mamam anjing,Negatif
@CERT1FIEDFRE4K iya anjing ngapa y,Positif
anjing @iEatSungchan https://t.co/pFm90w0Pkt,Negatif
Anjing https://t.co/j6jB8E7gQG,Positif
@kmseupayy apansi anjing ,Negatif
uang gw ilang anjing,Negatif
ANJING,Positif
gue mikir kok ini semeriwing bangett yg 'dibawah' pdhl ga pake softex yg mint pas gue cek bidet gue penuh pepsodent anjing yatuhan semeriwing bgt,Negatif
ANJING,Positif
KO TIBA TIBA KERJA ANJING KAGET GUE,Negatif
@newwiee___ NAPAS ANJING BUKAN MANDI,Positif
@babygullfy @rooninginwood @gugulfie @Mamay_yamyam INI APA ANJING?!,Positif
ANJING,Positif
PUBLIK ANJING,Positif
"@xaeuonia Anjing kok gk ada penderitaan ny te sama sekali sih? Kok hidup ny lacar"" aja? Gak adil bangett. Ini au jd belok ke te hana yah",Positif
ANJING,Positif
@jevxyc anjing brutau,Positif
ANJING,Positif
anjing https://t.co/8BxsD8w4dR,Positif
ada suara anjing gong gong jdi inget bella di livenya dejun kemaren wkwk,Positif
"@CH96LEE @NCTsmtown @NCTsmtown_DREAM @NCTsmtown_127 anjing, ternyata di translate in ke inggris",Positif
IH MAU ANJING ANJING DULU,Negatif
ANJING https://t.co/26VMUyRcN3,Positif
"hahaha mihoyo anjing, depelopernya ga pinter bikin game hahaha

bismillah zhongli one pull https://t.co/PuWQBvDQWI",Negatif
explore ig lg banyak postingan anjing corgi pengeeeennnn,Positif
@yoesangn Tapi jihan bukan anjing kak,Positif
"@lattehunie Mjb
WOYYY ELAH GUE BAPER BANGET ANJING SJLSJSKSKS FVCKKKK PLS SWEET BANGET?! KATA KATA AWALNYA AJA GUE UDAH KAYA ANJRID BNR BNR, U LUCKY BGT PLS ;(((",Negatif
KAMBING KUCING MONYET BERUANG BURUNG BABI ANJING,Positif
"@tergkdulu gajelas bgt anjing, sok paling tau semuanya",Negatif
@rorasunshinee Gaya anjing,Positif
"INI W NAIK BUS KEMANA SIH ANJING.
KOK W PUSING SENDIRI.
TURUN KEMANA W TAR",Negatif
anjing ak malu diomongin di grup hduh ppek https://t.co/Dz5yF2hnab,Positif
Mak gua nambah anjing lagi yallahh,Positif
@jesaucer @slmaourpy ANJING IYA GA KEBAWA.. GMN GUE BALIK KE RUMAH LOO KAH ,Negatif
"@AdistyaaFarhan Sembarangan aja si anjing ngomongnya , ini lebih penting",Positif
mmm anjing,Positif
@taythitipoomm anjing ngapain gue masi waras,Negatif
"inilah yang terjadi jika biy chat adin capslock dmn"" anjing dmn"". untung sayang https://t.co/AOnCuJ4z3y",Positif
anjing,Positif
/. tau anjing ga?,Positif
@httpsnaka anjing ????,Positif
@rellaxnchill Kok anjing,Positif
@soundtheluck diburu anjing sampai malam hahahaha,Positif
@SIKKx90 anjing,Negatif
@BH_Cunyul betulan deh apalagi ada loh lagu yang anjing anjing anjing anjing banget ituuu mereka nyanyiin mulu itu,Positif
@earthaquatic @cInemat0graphys Anjing ke enakan,Positif
"@kanemotxo sesungguhnya itu anjing laut, sayang  yang cantikan dikit kek",Positif
Marketing kepala anjing... payah main nitizen kelas bawahan ni...,Negatif
"

       ' kita berbeda '
  kamu anjing, aku kucing 
                  - tamtam 

#NctzenSelcaDay #NSD #CHENLE #DAEGAL @NCTsmtown @NCTsmtown_DREAM https://t.co/HFrhP8icYL",Positif
@DragonCity2204 @tynderfess anjing stopp,Positif
@xourely kok ngeremes anjing ,Positif
"@OFlNFERNO Terkekeh ringan.

‚ùùOh... Anjing dan kucing, ya? Bolehkah aku berkunjung? Siapa tahu aku bisa dan boleh ku minta alamatnya?‚ùû",Positif
ih kok gue ikut deg2 an anjing,Negatif
anjing panik,Positif
@hcleerawrr @xxilent_ @rantdyara @bloominlilyy @m00minnie_ @GBREL06 @babykimzz @fhraxijj @krnnynsl @jenmoomoong @girlwhoodie seperti anjing,Positif
@hcleerawrr @xxilent_ @rantdyara @bloominlilyy @XZASTRNZX @m00minnie_ @GBREL06 @babykimzz @fhraxijj @krnnynsl @jenmoomoong Jangan seperti anjing,Negatif
kuberi nama anjing kelakuan kaya anjing karna memang anjing,Positif
@bknpinong @okristania @pilkmink Kagi anjing jangan sampe lu gua block :),Negatif
LEMES GUE KALO JADI WONHYUK ANJING DI CIUM AHSBSNAZKAMSS,Positif
@daysouri DAVE ANJING DAVE KAN NAMA LO,Positif
"@chwkidz @NCTsmtown ANJING MALES, CANTIK BGT",Positif
@hcleerawrr @xxilent_ @rantdyara @bloominlilyy @XZASTRNZX @m00minnie_ @GBREL06 @babykimzz @krnnynsl @jenmoomoong @girlwhoodie kamu seperti anjing,Negatif
@tytrackss itu anjing len ,Positif
@hlighta__ Anjing ngapain su,Positif
@Esunandar @eko_kuntadhi Anu...eeggghhh...ini jenis anjing sengklek,Positif
anjing pas bgt nyala lagi pas ssamd senyum,Positif
@diyonizeus lu jg anjing dong kan kecuali eskrim,Positif
ldr anjing,Positif
"org yg ragu ragu ngerjain tugas dgn jawabannya sendiri dan selalu nanya seriap detik emg anjing sumpah. kerjain ajalah loh dulu, ishh tuhannnnnn.",Negatif
@mkini_bm bangga la jadi anjing PPBM tu ...,Positif
lu ngpain anjing ngedrag drippin,Negatif
@DFGJARG Bahahahah anjing ngakakk,Positif
"Sapi buang kotoran di pinggir jalan juga gak ganggu orang, anjing yang kawin di siang bolong juga gak ganggu orang, kucing kencing di bawah pohon juga gak ganggu orang, babi yang selalu main lumpur dan dan makan makanan yang tercampur lumpur pun gak bakal ganggu orang.",Positif
Ternyata lebih najis mulut orang di banding anjing.,Positif
anjing,Positif
@rainbcwff anjing,Negatif
gue plg sering ngomong anjing,Positif
anjing gua blom commis,Positif
". . .

Saat ia sedang mencari tempat berteduh, terdengar suara kucing tidak jauh darinya.

Benar saja, kucing yang semula bertengkar dengan anjing di taman ternyata mengikutinya keluar sampai sekarang.

""Jadi kau yang membuntuti aku ya?""

¬©",Positif
@jeamintt Nama anjing,Positif
@kontolgeto Anjing baru gue tinggal sebentar dah aneh¬≤ lo cay,Positif
Anjing,Positif
@xpeachpuffx @kochengfess Maaf tapi itu kucing bukan anjing,Positif
dah bukan anjing lagi ak ingin menjadi takoyaki https://t.co/q0qBeFBe8s,Positif
@junghwannunaa anak anjing contoh anak anjng https://t.co/BCNEHwVjfv,Positif
@lovetyongg lebih dari anjing,Positif
@JUSTL0EY lucu ih ANJING nya,Negatif
"Honey butter chips.‚Äù

Mata pun si pemuda berbinar kala ia menyebutkan 5 makanan dan camilan yang diinginkannya pada Jaeden. Layaknya seekor anak anjing yang dengan gembiranya mendapatkan stik camilan favorit, itulah Jacob saat ini.

Tetapi, siapa yang akan (cont.)",Positif
"Lilac gw sampe..sederhana banget bahagia gw. Terakhir sedih 3 hari lalu, itupun gara‚Äù nonton video social experiment, sama ntn video anjing‚Äù yg sayang sama majikannya.",Positif
"Ya anjing gw gaperna di kabarin,gw gaperna di telfon dluan klo gw ga nelfon, https://t.co/cg6jPXOYsX",Positif
@whoslisyu @peyukaku @yaayaaaas Kan tekku enggak anjing,Positif
@niko_junius @thomasbillie @LukasKahn anjing lucu banget,Positif
semut makan anjing,Positif
@Zulhilmiiiiii_ happy belated birthday kontol kontol anjing terbuat dari nasi ,Negatif
@J3KAcob emg lg jd anjing,Positif
@ATPPcob ada anjing skip,Positif
ANJING SABAR https://t.co/o4nsg32Nry,Positif
Anjing aja. https://t.co/ooIUpPt2HG,Positif
@rxintarou anjing siapa,Positif
"@itstikakid mungkin kalo ada anjing di depan, ditulis penerima : anjing gitu yaa",Positif
@lberisik ga sabar ngeliat cookies bentuk pup anjing.,Positif
orang yg numpang nama doang pas kerkel emang kaya anjing,Negatif
@taeoxonc IH ANJING,Positif
"@melfera ternyata masih banyak anjing penjaga nya berkeliaran ya,.. ",Positif
@usaisudahhh yang nganu kucing sama kelinci yang disalahin pasti anjing,Positif
@rxintarou anjing spa,Positif
"Anjing pelacak cari korban hilang banjir NTT.
Nantikan Kabar Hari Ini bersama Agita, jam 22.30 WIB hanya di tvOne &amp; live streaming di https://t.co/7Gr3a5KWDi 
#KabarHariInitvOne #CariBeritaditvOne #diRumahNontontvOne https://t.co/UwLY6gVDDj",Positif
Anjing,Positif
migrain anjing,Negatif
Anjing,Positif
@aesvenue dengerin anjing,Positif
saranin nama anjing yang cowo dong,Positif
@KYUT1ESP1ES apa anjing ntu,Positif
"lo komplain rapor merah semua dan diancam ga naik kelas sedangkan lo ga pernah sekalipun berusaha ngerjain tugas. gak. pernah. kerjaan lo cuma sambat seakan akan elu manusia yg palinh banyak ujianny pdhl tiap hari cuma main game, makan, tidur. sampah masyarakat lo anjing",Negatif
"Ada tikus, ada kucing, ada anjing. Meme lepas ni aku tk lalu doh jalan tu tobak eh",Positif
@travisbabies anjing,Negatif
"Fed bersikap pasif. Perkiraan untuk  09.04.2021

Apakah pantas takut pada bank sentral yang tidak melakukan apa-apa

Fed lulus uji resistensi pada bulan Maret. Akankah ada tantangan baru di bulan April? Humor hari Jumat

Anjing tidak perlu menggongg‚Ä¶
https://t.co/esrNskO8qF https://t.co/FKLwcDc3oQ",Positif
"@jeamintt Humorku lho, biku biku. Nama anjing... Wkwkwkkw",Positif
"tapi gue lupa password akun ini, anjing?",Positif
punya anjing beagle serasa tinggal bareng WayV,Positif
@keongbalap99 Hanya anjing yg mutualan dengan anjing https://t.co/OYUmV69kW8,Positif
Anjing,Positif
"@HororCuyyy @IDN_Horor @zieroluofficial @sambilstalking @bacahorror @BacahorrorCom @bagihorror @pod_semihoror @WdhHoror17 di tempatku pohon beringinnya malah yg jaga seekor anjing sebesar anak sapi / pedet
Dan orang2 sering memanggilnya dg nama mbaeh..",Positif
"sch! guys boleh saranin to yg ga terlalu mahal ga, makasii


 Trivia: Babi, Anjing dan Kucing tidak dapat berkeringat",Positif
"BNPB: Evakuasi 3 Titik, Kami Turunkan 7 Ekor Anjing Terlatih | AKI Malam tvOne https://t.co/wBu2yK6iKs https://t.co/UCV8auOHaP",Positif
kapan bokap gua bolehin pelihara anjing,Positif
Muka kaya anjing,Positif
gw mau ikut nsd trs fotonya pake filter snapchat yang anjing masa gw kepikiran captnya ‚Äúwoof woof‚Äù sama ‚Äúfilter bella‚Äù kek ga ada yang lebih bagus apa...,Positif
@sehunjakbar ANJING MAU,Positif
@Ihoechan Lu anjing,Negatif
DOGI MAH ANJING AHAHHAHA https://t.co/TWrlddscKs,Positif
jujurly ava anjing ini membuatku nyaman,Positif
"Oru yg bisa bikin saya jadi mulai ramah lagi sama orang. Coba mau terbuka lagi sama orang. Oru mau diajak buat saling bimbing dan saling ngingetin. 
Beberapa kali ngajak putus karna berantem. Dikatain lagi. 

""Cupu anjing. Berisik. Tinggalin gua aja. Childish tau gak.""

Iya. Tau. https://t.co/ewNE6UQMV8",Negatif
@tiwayjayden Mo w anjing anjingin si,Negatif
anjing,Positif
"jangankan pacarku, temenku lebih deket sama orang lain aja aku ngambek ya anjing",Negatif
anjing,Positif
@zavoryxd ih anak anjing,Positif
ANJING,Positif
"@taeyyunggim Malu malu anjing lu mah
Bilang aja langsung mau nikah sama ardil",Negatif
@Threatenly @NDaguvaZeba Anjing ngakakkkk,Positif
"@sominyunda iya, bukan cuman kucing. anjing dan kelinci pun masuknya anabul",Positif
@fairyloeys__ anak anjing,Positif
@mmarshmallov loh hyung seekor anjing?,Positif
ANJING ,Positif
@TWICESELLBASE momo with anjing berapa nder?,Positif
Anjing menggonggong,Positif
"‚ÄúJika kalian mendengar suara salakan anjing dan suara keldai pada malam hari, maka mintalah perlindungan kepada Allah kerana anjing dan keldai tersebut melihat apa yang kalian tidak nampak‚Äù. (HR Abu Daud)",Positif
"(HR Abu Daud dan at-Tirmizi)

Nabi SAW juga memerintahkan kita meminta perlindungan kepada Allah ketika mendengar suara anjing menyalak dan suara keldai.",Positif
"perasaan kecoa sama anjing beda, kenapa sifatnya kembar gini dah",Positif
gw sayang bgt... BGT sama dia anjing. gaada yg bakal gw sayang lebih dari sayangnya gw ke dia. sesayang itu. secinta itu. gaada gantinya. he‚Äôs the only one. https://t.co/jy6oHOK73q https://t.co/xDdIKNPLF5,Negatif
"@niantakah Ô∏èÔ∏è Ô∏èÔ∏è
Ô∏èÔ∏è Ô∏è
Ô∏èÔ∏è Ô∏è
Ô∏èÔ∏è Ô∏èÔ∏è
Ah iya. Anjing penjaga untuk ternak.
Tapi, bukannya di Arab sana banyakk banget yang pelihara anjing, ya?
Ô∏èÔ∏è Ô∏èÔ∏è
Ô∏èÔ∏è Ô∏èÔ∏è
Ô∏èÔ∏è 
Ô∏èÔ∏è Ô∏èÔ∏è",Positif
"Zeze jadi anjing lucu banget, bismillah pemiliknya",Positif
@aelpaca @baqkwan anjing item putih jaman kapan itu :),Negatif
" puncak kesel atau marah gue itu pasti berujung nangis, ntar bagian ditanya kenapa nangis jawabannya tinggal bilang habis nnton evakuasi kucing sama anjing yg ditelantarin.",Positif
"GMarethaaaaa Ga usah sok ngartis sih anjing, jangan sok cantik banyak gaya lu...",Negatif
"@csoobivn INI MANG EMNG OPINI YG BNR. nmanya diet ya pling bener ya defisit kalori,,,bkn gk konsumsi karbo dn mkan telor mulu,,,kolestrol anjing",Negatif
Anjing,Positif
"@kaichunnn88 HADEH GEDEK BGT GAUSA DILADENI. ANJING MENGONGGONG, EGSUEL BERLALU",Negatif
AKU INI NULIS APA? SKSK DAH FRUSTASI ANJING LO KAPAN MUNCUL SIH ASU PENGEN JEDOTIN KEPALA KETEMBOK RASANYA AAAAA,Negatif
"@boochenjukii @BTS_twt Pengen pelihara anak anjing tapi gak di izinin sama ortu 

I vote #Dynamite for #BestMusicVideo at the 2021 #iHeartAwards @BTS_twt",Positif
Buat anjing gue tapi kok gue tertarik https://t.co/D1JsKbLmUJ,Positif
Ntah la kucing ke anjing yg aku bela ni ,Positif
"RESULT HK TOTO, 09 APRIL 2021
OPEN : 4964
SHIO  : ANJING

DISCOUNT TOGEL :
4D : 66% | 3D : 59% | 2D : 29%

SALAM HOKI, VBOLA. https://t.co/kD1fvjeXwf",Positif
"@pepsicko @DesemberDuaLima Klo buat video kyk ga niat idup tapi lucu gmn dong anjing, apalgi bu presiden klo curhat di close friend yalllah",Negatif
"@FWBESS Dikiraian anjing aja yg galak, akun juga ada yaa ",Positif
@mantan_awkarin maap gapunya anjing adanya asu,Positif
"@tertampar_ Anjing itu namanya, semangat bro!",Negatif
@stella3315586 ank anjing,Positif
@Loeyytser Anjing punya sp itu kabur ,Positif
"@kompascom Masih banyak anjing piaraan yg belum kebagian tulang
Emang dasar",Positif
"@PhotonLeader „Ö§

""Yep."" Terus ngangguk. ""Itu, lho, anjing sama kucing.""

„Ö§",Positif
Stella bukannya nama anjing kakek gue ya?,Positif
asu lagi gambar markhyuck tiba tiba di gedor kaget bgt anjing,Negatif
"kalau gak ada keperluan yg wajib setiap bulannya mungkin aku gak gigit banget soal uang.

capek banget dibilang matre.
lu mau pake badan ku, kalo emg gak punya uang mending gak usah jangan ngatain org matre anjing",Negatif
Sentuh anjing tak haram. https://t.co/c6jwvg7LZm,Positif
"@ROJEcob anjing makan pilih pilih juga kali ket, mana sudi makan makanan haram",Positif
"Dua anjing sdh nongol. Satu jenis buldog dn yg satu harderr.
Wah galak galak amat tuh dua ekor. Dah lama gk makan tulang. https://t.co/OVDY5wIKY2",Positif
punya boneka anjing 2 namanya san &amp; dino,Positif
benci anjing,Positif
"""Dua anak anjing sedang bertatapan akwoakwoa 'o' ""

Ugat  https://t.co/c1rLvIPWFl",Positif
"@collegemenfess Seventeen, sama anjing w mochi dan lochi yg udh bikin ketawa abis nangis skripsian",Positif
@agungbenoo Anjing utk agung,Positif
@jakeausssie @jayyhoonie Dah aku mau peyukk Kak hee saja. Kalian saling memeluk anjing sja byeeee https://t.co/hqTMbF2vXG,Positif
Anjing,Positif
Anjing-anjing menyerbu kuburan.,Positif
Sedang melihat anjing menggonggong https://t.co/dF7vsNtbMs,Positif
Ada pepatah Anjing menggonggong kafilah berlalu,Positif
@JUSTL0EY anjing nya gemes bangett bulu nya,Positif
"@boochenjukii kucing, anjing, dgn burung

I vote for #Dynamite for #BestMusicVideo at the #iHeartAwards @BTS_twt",Positif
@994HSHQ eh jempol anjing,Positif
anjing kucing ular https://t.co/LiL6NvTuuD,Positif
"@rrminho guk guk guk, guk guk guk guk (pengen marah, tapi lagi jadi anjing...)",Positif
"kucing gue klo siang mirip burung hantu, klo mlem kdang mirip anjing kdang mirip musang",Positif
@994HSHQ eh jari anjing,Positif
@994HSHQ kek tangan anjing,Positif
@octaviussad muntah anjing,Positif
@MYneovision 42 ANJING,Positif
@tanjirfo boleh ku minta foto anjing mu,Positif
@resayaang mang anjing laut ung ung kh???,Positif
"Kalau kt marah yg jadi lampisannya badan sendiri kebiasa mukul badan sensiri
Skrng kalau stress atau ksl tangannya reflek mukul badan sendiri wkwkidwbs ameh ga si anjing",Negatif
"Ba-Reum Jadi Anjing PEMBURU‚ÄºÔ∏è Demi Memuaskan Hasrat, Psychopath Memburu ... https://t.co/uUoRmwnN8N lewat @YouTube",Positif
"RESULT HK TOTO, 09 APRIL 2021
OPEN : 4964
SHIO  : ANJING
4D Discount 66%
3D Discount 59%
2D Discount 29%
LINK ALTERNATIF :
* agensituseuro(.)com
FOR MOBILE :
* Mobile(.)daftareuro(.)com https://t.co/6NLd6rcQ0u",Positif
"Jum'at, 9 april 2021 | 18.00

Evakuasi seekor anjing di Jl.Merdeka Selatan ( alun-alun Kota Malang ). Evakuasi dikarenakan warga kesulitan untuk menangkap anjing tsb.

Setelah dievakuasi hewan akan di amankan untuk mendapatkan penangan lebih lanjut oleh komunitas pencinta hewan https://t.co/zQYDFBt14n",Positif
"‚ÄúEh, tadi Sky udah jadi grooming belum?‚ÄùKali ini Juno mencoba mengalihkan topik. 

Beberapa saat mereka membicarakan hewan peliharaan, mulai dari Sky, anjing kesayangan Juno hingga Bubu Rere, dua ekor cupang kesayangan sang istri yang anehnya masih hidup dengan usia cukup lama.",Positif
Pengen pelihara anjing.,Positif
"@Namaku_Mei Kok cuman baru dua ekor sih yg nongol. Lainya mana mei...?
 Apa pda ngumpet ya. Kasih tulang mei biar pda nongol tuh anjing. 
Piaraan sapa sih tu.... Anjing yg suka nggonggong...?",Positif
kyk anjing https://t.co/3dsGG43EJ4,Positif
"@boochenjukii @BTS_twt Anjing, hamster, sama kelinci

I vote #Dynamite for #BestMusicVideo at the 2021 #iHeartAwards @BTS_twt",Positif
"@boochenjukii @BTS_twt Anjing, tpi anjing yg kecil trs. Apasih nmanya sejenis yeontan bolehlahh

I vote #Dynamite for #BestMusicVideo at the 2021 #iHeartAwards @BTS_twt",Positif
"@bbymgy aku dirumah ada anjing sama kucing, dan 22nya oren :))))))",Positif
@chlildream ga dulu dah kalo sama anjing ,Positif
"@rohnyasasha @bintanggeMitang crita huntu, kemaren anjing di kosan gonggong pagi2 hiii seremm",Positif
"@boochenjukii @BTS_twt Anjing

I vote #Dynamite for #BestMusicVideo  at 2021 #iHeartAwards @BTS_twt",Positif
@byunbhluv masa sama anjing sie ,Positif
Anjing,Positif
....... ANJING???? https://t.co/uSfSq0r9OE,Negatif
@pilllowssss ANAK ANJING,Positif
masa punya w gini anjing https://t.co/ITpq3Go4s9 https://t.co/OY8OjPbDNa,Negatif
"kalau airis dah tidur, aku nk bernafas pun takut tp tulah masa tu juga org atas sibuk duk bertukang, kat bawak kereta start enjin. Anjing menyalak, kapal terbang lalu, org menjerit ",Positif
@nshstarriki yahh sepertinya anjing lelah,Positif
"@boochenjukii @BTS_twt anjing, serigala, harimau aneh ga si? tapi mereka lucu 

I vote for #Dynamite for #BestMusicVideo at the 2021 #iHeartAwards @BTS_twt",Positif
anjing https://t.co/QVy4Yp99Of,Positif
ini patung ya anjing https://t.co/cB2L0cRHlx,Negatif
Apa kamu tidak ingat waktu kamu dikejar anjing? Itu aku yg menyelematkanmu. #heheman #superherokocak https://t.co/hpbUh1ME3g,Positif
mana ketemu anjing malah lari lagi wkwk,Positif
@raciwg @cho_syounn Anjing gua kan namanya oje,Positif
@plnksnation @KlNDALALlSA blinkers anjing,Negatif
"RESULT TOGEL BUSAN = 64 - 8140 SAH!!

SHIO :  ANJING
UNSUR : LOGAM

Link ShioKambing 1
https://t.co/Vi7RcrofX2
https://t.co/Ta5geuGGJ7

Link ShioKambing 2
https://t.co/WtKviHmxkT

Link ShioKambing 3
https://t.co/6ZH0S2WSkB

Link ShioKambing 5
https://t.co/tdyHt2RVB2 https://t.co/hatjp4Smpm",Positif
ANJING,Positif
gua sedih bgt anjing winwin bukan orang islam apa ya,Negatif
"Ocap ga bolehin aku renang kepalanya nyelem   
Jd pengen bisa gaya renang kaya anjing yg kepalanya diatas terus itu.. dulu sama Skay suka berlatih bareng tp aku ga bisa2 alhasil tenggelem terus hahaha  
Coba aku bisain mgkn dibolehin skrg :3",Positif
@nysvcmtwn anjing ngapa ada 2 qrt gaib,Negatif
kalo ultimate bias diambil temen rl tu GARELA BANGET ANJING,Negatif
"kaga mau gue ngatain tuh pada anjing dah krn anjing gue setia semua, nurut bukan main apalagi kalo urusan sayang gak ada lawan",Positif
kumpulan anjing w nie  https://t.co/1ABYTkCK8T,Positif
"Minta didiemin aja, soalnya kalo aku ngambek suka pengen pasang papan ‚Äúawas anjing galak‚Äù https://t.co/HCc7TvihzR",Positif
@lobknryujin anjing ,Negatif
"‚ÄúBaekhyunnie, membuatku menderita dengan suara yang ia buat. Dia seperti anak anjing‚Äù ‚Äì Chanyeol",Positif
"
walaupun anjing kita berbeda, aku tetap cingtah
#NCTzenSelcaDay #NSD #Xiaojun
@NCTsmtown @WayV_official https://t.co/ZSVrpEcS6f",Positif
"Udah lah, gausah berurusan sama armi lagi, kalian nggak capek apa emosi terus? Mari ciptakan tl yang adem ayem. Biarin aja kalo anjing mau menggonggong.",Positif
Anjing,Positif
@kochengfess Gak suka sama kucing emang harus di pukul? Nggak suka sama anjing emang harus di pukul? Manusia pada kenapa ,Positif
@ayukaawa anjing gue gigit kah,Positif
@urtpclboyfie @reinaksuh @chocopiwpie @teakot4k lihat anjing liar ini sebenarnya juga kangen kita sob,Positif
"@boochenjukii @BTS_twt Anjing 

I vote #Dynamite for #BestMusicVideo at the 2021 #iHeartAwards @BTS_twt",Positif
Selucu lucunya anjing tetep anjing..,Positif
@YAHABIBIGENCY oalah anjing yg di harpot kah kepala 3??,Positif
@mariajannicamae Ate Anjing where na u? HAHAHAHA,Negatif
anjing kuroko kok bisa sampe suna huhuhu https://t.co/S9BaNNK5sK,Positif
@jngwoniehnz anjing kaget,Negatif
contoh' anak anjing  https://t.co/VI8vSlH9dY,Positif
anjing https://t.co/RE0q1o0F2P,Positif
cape kerja crowded buka twitter bukannya refresh otak malah liat anak alay dan cringe. jadi pengen misuh dong anjing,Negatif
"@mikerizhaaa Shadow of sorrow, anjing tanah, angkuh, penjara batin, atur aku",Positif
@kaedelph @xvoure anak anjing,Positif
"Aku punya anjing namanya khelo, maksudnya",Positif
"Sedih kalo liat di grup open adopt anjing-kucing, kebanyakan owner-nya mau melepas hewan yg sudah tua, yg cacat atau yg pas gede udah ga lucu lagi.
Ada juga yg mau melepas cuma karena anjingnya nyuri ayam goreng ",Positif
HUKUM ALAM PASTI ADIL DAN SEMESTA AKAN MEMBALAS SEMUANYA KETIKA SEMESTA SUDAH MEMBALAS SEMUANYA DI SITU LAH MANUSIA AKAN SADAR BETAPA ANJING NYA DIRI MU.,Negatif
"Jangan terlalu berharap bahwa sikap dia akan berubah.
Manusia memang bisa berubah,
Tapi ada yang namanya tabiat, Yaitu..
""Anjing pasti mengonggong, dan ular pasti mematuk.""",Positif
anak anjing https://t.co/uHv3VpXhJS,Positif
@urtpclboyfie @hasilayahibuku @reinaksuh @teakot4k di tag aje engga lo anjing,Negatif
@nemtune 2 anjing,Positif
"@ygent_offic1al Anak anjing, astgfirullah",Positif
@tinysrawr @twitorsumprot nak anjing https://t.co/ar0ZczrHkC,Positif
Anjing,Positif
"@boochenjukii @BTS_twt kucing sama anjing

I vote #Dynamite for #BestMusicVideo at the 2021 #iHeartAwards @BTS_twt",Positif
Aaaaaa lizka sayangku cintaku i love you haha nggak boleh iri iri sama meong apa lagi smaa anjing  https://t.co/WGm9ZgQgVu,Positif
Ingin pelihara anjing yang lucu,Positif
@heenim1007 Namanya anjing,Positif
Mulai sekarang kucing dan anjing adalah idolaku.,Positif
@cewonciracas anjing STOP,Negatif
Anjing punya bot?,Positif
"""nay blgin ibu aku di cirebon"" PLSS ANJING BLG SENDIRI KEEKKK CAPE AMT GUE JADI TAMENG U MULU",Negatif
@jeenold anjing nya lucu dah,Positif
@honeydream_13 ribet amat smpe ngurusin orng wmil lo anjing.,Negatif
@sxwtoji hah anjing?tukeran yuk,Positif
@choerrybombs1 emg anjing..,Negatif
"@outraguye „Ö§

William mengangguk, mengiyakan ucapan sepupunya, karena memang betul ia baru keluar, ""yoi, lagi males kemana-mana tapi pengen kalau lari gini""

""Wiihh dante makin cakep aja"" godanya pada anjing kesayangan Arsen.

„Ö§",Positif
anjing,Positif
@Isiajasendiri_ anjing?,Positif
BGSTTTT ANJING KANGEN GUE JUGA FAK,Negatif
anjing,Positif
Anak anjing https://t.co/TruMOarnQ8,Positif
Anak anjing https://t.co/aaj0j68gPW,Positif
@daramggyu YA LU JUGA KASAR ANJING,Negatif
@taegineverdie Bibirnya anjing ,Positif
"@boochenjukii @cenorasky @BTS_twt anjing, kucing

I vote #Dynamite for #BestMusicVideo at the 2021 #iHeartAwards @BTS_twt",Positif
@nicenaaaaa Daging anjing,Positif
anjing,Positif
@jokoporeper ada anjing,Positif
"@boochenjukii @BTS_twt anjing,harimau yg kecil

I vote #BTSARMY for #BestFanArmy at the 2021 #iHeartAwards @BTS_twt",Positif
"@IlhamMunandar kasihan anjing, ntar sakit gmn dong",Positif
"Aku takut bgt sama anjing wkwk dan jd ingat dulu pernah lagi bertiga sama temen-temen ku ngobrol gitu, tiba-tiba ada anjing lewat mana anjingnya galak terus kita bertiga lgsg membeku sambil baca syahadat https://t.co/uiG79zdLdt",Positif
"@taehyungluuvv Ya. Apapub itu salahkn sj hajime. Akupun keselengkat polisi tidur buru buru ""hajime anjing.""",Positif
"Beli sapatu hadiah anjing helder galak

Nuhun ander armor https://t.co/yyOwDeeMLC",Positif
Hewannhewannapa yg kaya anjing??,Positif
"@Mulyono07704872 Yang penting nggak digigit, seperti anjing...wkwkwk",Positif
"Hey anjing, ayo kita tukeran yuk jing https://t.co/TnsrUlR2G9",Positif
@munconvo kangen anjing,Positif
"Setauku, kalau pelihara anjing itu bagi keluarga Muslim, ada syaratnya. Salah satunya untuk menjadi anjing penjaga. Bener bukan? https://t.co/TJjBTikZRE",Positif
"@boochenjukii @BTS_twt Pengen pelihara anjing ( tapi anjing kecil/puppies )sama kelinci  

I vote #Dynamite for #BestMusicVideo at the 2021 #iHeartAwards @BTS_twt",Positif
wkkwkw anjing https://t.co/YA86XDfZyV,Negatif
@knpiharis @PutraWadapi @DivHumas_Polri @CCICPolri Anjing ga mungkin gigit ekornya...atittt,Positif
"Dinasehatin dong...

Jiun pernah bilang ""Anakku membawa pulang Anjing yang terluka ini, itu sebabnya kami memeliharanya."" 

Yohan lah yang membawa anak anjing yang cacat kakinya. https://t.co/Gk6C8wEYkt",Positif
"@boochenjukii @BTS_twt Anjing

I vote #Dynamite for #BestMusicVideo at the 2021 #iHeartAwards @BTS_twt",Positif
"@boochenjukii @BTS_twt anjing atau kucing

I vote #Dynamite for #BestMusicVideo at the 2021 #iHeartAwards @BTS_twt",Positif
Masuk kuping kanan keluar kuping kiri alias kafilah menggonggong anjing berlalu https://t.co/8fUhv1S6ZH,Positif
"Emang ke anjing itu manusia, sumpah pengen gua robek mulutnya, tai banget setan!",Negatif
"@akcermaan @munconvo Y sj 

Musuhnya anjing mmksd k",Positif
lift anjing https://t.co/L6afBCYKKa,Positif
@jongguhk Makan daging anjing dgn sayur kol,Positif
"Kalo Eutheria berarti sebagian besar Mammalia yaa, ada anjing, tikus, kerbau, dan orangutan yang disebutin di opsi soal dan masih banyak lagi~

Pahamin lagi materi Animalia kamu dengan nongton video materinya di app @pahamify! Biar makin wadidaw dan siap #TaklukkanUTBK",Positif
"@boochenjukii @BTS_twt Pgn anjing yg kek yeontan gitu tapi gaboleh

I vote #Dynamite for #BestMusicVideo at the 2021 #iHeartAwards @BTS_twt",Positif
@FirzaHusain @Wilson_P535 Jgn menghina anjing plis.,Positif
ADA BOT ANJING JUGA,Negatif
@kimianuar Animation macam anjing do sekarang,Positif
@cozailuvu duit anjing itu gmna,Positif
@ahdalahbek @cornettokitkat @ahmdamier Hahahaahaha. Hampa acah anjing. Semua jenis kekotoran ada dekat hampa ni.,Positif
"@boochenjukii @BTS_twt kelinci,anjing

I vote #Dynamite for #BestMusicVideo at the 2021 #iHeartAwards @BTS_twt",Positif
"@boochenjukii @BTS_twt anjing yang berbulu lebat, pengen banget 

I vote #Dynamite for #BestMusicVideo at the 2021 #iHeartAwards @BTS_twt",Positif
@doyoungsurabaya ANJING,Negatif
@vnssxttz anjing sm kecoa beda jauh,Positif
@privdep SABAR ANJING GUE FOLLOW DISINI DULU,Negatif
@albriantara with MONYET BABI ANJING ORANGUTAN SEMUA PENGHUNI KEBUN BINATANG,Positif
@SOMIcob @SUNGcob @ATPPcob HAHAHAHAH MULUT ANJING NGAKAK,Negatif
WKKWKWKK foto yang dipake kak baya itu anjing laut yah?,Positif
anjing sampe ga cukup  https://t.co/QH3Yc6YQNd,Negatif
@miubyeol @nakamoctoyuta kok ngegas sih anjing,Negatif
Rame banget woyyyy anak anjing keluar kandang semua  #jangansepelekanjw,Positif
selalu salah terus anjing,Negatif
"„Ö§
Ô∏èÔ∏è Ô∏èÔ∏è
Ô∏èÔ∏è Ô∏èÔ∏è
Keluarga muslim arab juga memelihara Anjing, mendengarkan musik, dan terkadang merasa Futur. 

Ada yang merasa aneh dan heran melihat ketiga hal di atas terjadi, itu normal, apalagi kalau saya sering alami yang terakhir.
„Ö§
Ô∏èÔ∏è Ô∏èÔ∏è
Ô∏èÔ∏è Ô∏èÔ∏è",Positif
@nyybnxs Anjing yg jenis apa?,Positif
"@ChusnulCh__ Biarlah Anjing"" pd Menggonggong Mba,,
Biasalah Kadruun kan gitu,,",Positif
@lagrandchose Ehhh i x sarcastic i mmg pecinta anjing haha,Positif
"Fed ialah satu anjing bisu. Ramalan pada  09.04.2021

Adakah berbaloi untuk rasa takut kepada bank pusat yang tidak membuat apa apa

Fed telah melepasi ujian rintangan dalam Mac. Adakah akan ada cabaran baru pada April? Lawak lucu Jumaat

Seekor anj‚Ä¶
https://t.co/YQVavQTW1E https://t.co/BxNSwxJar1",Positif
"____NSD____
Gua ga punya anjing jadi pake boneka aja ya

Mari bahagia selalu

#NCTzenSelcaDay
#jeno 
#NSD
@NCTsmtown_DREAM 
@NCTsmtown https://t.co/BQFIjl8Wsh",Positif
@lmaobdsm Hah? Kue anjing??,Positif
@mohonkubahagia MANA FOTO ANJING MENANGIS WKWKSJSKSKS,Positif
@SM_ANJING Karna gada bahan lain,Negatif
"+nya niki : baik hati dan suka berbagi
-nya niki : tasteless anjing",Negatif
"Baya, ava lu masih anjing laut",Positif
"@boochenjukii @BTS_twt Anjing

I vote #Dynamite for #BestMusicVideo at the 2021 #iHeartAwards @BTS_twt",Positif
@silversdalnim 10 taun sekolah baru kepikiran hariini pengen jd anjing ,Positif
ANJING GUE LUPA NGERJAIN CBR SENBUD,Negatif
"lagi dititik kangen bgt nongkrong
kangen bgt anjing""in org di tongkrongan",Negatif
Anjing,Positif
"mirip anjing laut :""",Positif
kok kucing gue kayak anjing? https://t.co/6TUvXtuaM7,Positif
@stray_catme @mhwnk_ Kucing anjing,Positif
@donfadhiilman aaah anak anjing wkwkwk gamau gua repost,Positif
@CXH4AN @AR00GA7 @diwxdy @ctnlds @hnnadelouvre @mulfandforever @fadxxtae @rfdhkanz @diivvxyz @amberhere_ @matchalattejxl @ppeoekio @VINCTZO @NYCKRXXB @NaDoyAul @pwittypie @HAEEZCHAN cha lo tau anjing g?!!,Negatif
"@boochenjukii @BTS_twt anjing

I vote #Dynamite for #BestMusicVideo at the 2021 #iHeartAwards @BTS_twt",Positif
Alahhh comey anjing tu https://t.co/maEVJslQq7,Negatif
"@boochenjukii @BTS_twt Anjing

I vote #BTSARMY for #BestFanArmy at the 2021 #iHeartAwards @BTS_twt",Positif
"@boochenjukii @BTS_twt anjing mungkin

I vote #Dynamite for #BestMusicVideo at the 2021 #iHeartAwards @BTS_twt",Positif
"Bila 3 anjing/lebih berkumpul dalam sebuah rumah, maka harus
ada izin yang ditandatangani oleh Walikota. Hukum itu berlaku di 
Oklahoma.",Positif
apasi lo anjing,Negatif
"@Mulyono07704872 peribasa nolong anjing kejepit, identik dgn sapi ini ,",Positif
"@boochenjukii @BTS_twt anjing husky yg kaya serigala ituu

I vote #Dynamite for #BestMusicVideo at the 2021 #iHeartAwards @BTS_twt",Positif
@visionaryboii @cikibols @hdehhhhh bangsat kaget gue anjing,Negatif
"@boochenjukii @BTS_twt Alpaca sm anjing

I vote #BTSARMY for #BestFanArmy at #iHeartAwards ! @BTS_twt",Positif
"kamu, anjing, tau ga? https://t.co/m1TP4PvERQ",Negatif
"@boochenjukii @BTS_twt dri dlu pengen bngt melihara anjing, tpi ga blh. ada tetangga aku melihara anjing tpi anjing nya jelek gada bulunya gasuka

I vote for #Dynamite for #BestMusicVideo at the #iHeartAwards @BTS_twt",Positif
butuh healer anjing,Positif
"@Haschwalth22 rehat jing, lu 2x lebih anjing kalo begadang",Negatif
@ervjeon Anjing kaget,Negatif
"bismillahirrohmanirrohimmm... sebelum puasa
ANJING GILA JABATAN BGT!!!!!",Negatif
"@boochenjukii @BTS_twt kucing, kelinci, anjing yg kek serigala itu kalo ga anjing yg msi kecil gitu tapi kan gabole. . . 

I vote #Dynamite for #BestMusicVideo at the 2021 #iHeartAwards @BTS_twt",Positif
@jowoshitpost Anjing sakit :'))),Negatif
@tukangbikinsoal @pahamify Kak anjing tikus kerbau orang utan itu eutheria kan yaa,Positif
"„Ö§
Ô∏èÔ∏è Ô∏èÔ∏è
Ô∏èÔ∏è Ô∏èÔ∏è
Anjing punya bang Abidzar kalau tidur berasa liat buntelan kapas di atas sofa.
„Ö§
Ô∏èÔ∏è Ô∏èÔ∏è
Ô∏èÔ∏è Ô∏èÔ∏è",Negatif
@feriylnto anjing emang,Negatif
"@boochenjukii @BTS_twt anjing,aku pengen pelihara anjing yg lucu gtu
(ngomongnya engga ngegas ya)

I vote #BTSARMY for #BestFanArmy at the 2021 #iHeartAwards @BTS_twt",Positif
@ttaeguccy anjing,Negatif
"@boochenjukii @BTS_twt Anjing sih tpi ga boleh

I vote #Dynamite for #BestMusicVideo at the 2021 #iHeartAwards @BTS_twt",Positif
anjing https://t.co/dqQ1gkZQPT,Negatif
"@boochenjukii @BTS_twt Anjing 

 I vote #Dynamite for #BestMusicVideo at the 2021 #iHeartAwards @BTS_twt",Positif
@xxjjkrul GEMES BANGET ANJING,Negatif
@harubby__ @mangoesjung @jwmylve Bot anjing rt ini,Negatif
"@boochenjukii @BTS_twt Anjing

I vote #Dynamite for #BestMusicVideo at the 2021 #iHeartAwards @BTS_twt",Positif
@asahilcveu ANJROT ADA BOT ANJING,Negatif
@jaehyunbom77 kita gerogotin biarin dikata mirip anjing pun,Positif
"@boochenjukii @BTS_twt anjing yg jenis husky:""))

I vote #Dynamite for #BestMusicVideo at the 2021 #iHeartAwards @BTS_twt",Positif
"@boochenjukii @BTS_twt anjing, tpi gblehhh
I vote #BTSArmy for #BestFanArmy at the #iHeartAwards @BTS_twt",Positif
"@boochenjukii @BTS_twt ANJING
I vote #Dynamite for #BestMusicVideo at the 2021 #iHeartAwards @BTS_twt",Positif
"@jayparkvm anjing  tai 
jgn lupa bayar",Negatif
"@boochenjukii @BTS_twt Pingin punya anjing 

I vote #Dynamite for #BestMusicVideo at the 2021 #iHeartAwards @BTS_twt",Positif
@chocoxipie_88 Tadi gue sampe di vc...anjing bgt emang,Negatif
@jeaninastra Anjing all-in.,Negatif
"@boochenjukii @BTS_twt Si anjing mirip kyak srigala,gg tau namanya,,,

I vote #Dynamite for #BestMusicVideo at the 2021 #iHeartAwards @BTS_twt",Positif
"@boochenjukii @BTS_twt Anjing, serius pengen bgt melihara tp gaboleh

I vote #Dynamite for #BestMusicVideo at the 2021 #iHeartAwards @BTS_twt",Positif
@mangoesjung @jwmylve @KYUT1ESP1ES bot anjing sombonk hsu,Negatif
ciri2 anak anjing https://t.co/8FzkaE9XKC,Positif
"udh tau gue takut kucing malah disodorin kucing depan muka. terus nanti ngomong begini, ""ih kamu kok takut kucing sihhh, kucing kan lucuuuu.""

MON MAAPPP ELU NGAPAIN TAKUT ANJING, ANJING KAN LUCUU???",Positif
"@boochenjukii @BTS_twt pengen anjing tp gaboleh 

I vote #Dynamite for #BestMusicVideo at the 2021 #iHeartAwards @BTS_twt",Positif
"@boochenjukii @BTS_twt Anjing, tapi haram 

I vote #Dynamite for #BestMusicVideo at the 2021 #iHeartAwards @BTS_twt",Positif
"@bebekakuterbang biasku ternyata tidak jauh"" dari emot kelinci kucing dan anjing",Positif
@salad455 slahh anjing gw gmna sih,Positif
@taohyung 1 tahun anjing,Positif
anjing,Positif
@ttororo_ @SherlyMelll Anjing dong. Maksutnya kan suswu,Negatif
ni bangun tidur masih setengah sadar trus di hunt oleh lord rasanya kayak baru bangun trus lari dikejar anjing,Positif
@beardoyie anak anjing https://t.co/jAA2uFplOt,Positif
@stopnyinyirmu @ustadtengkuzul Memang BINATANG ANJING itu...,Positif
@mantan_awkarin mff aku bukan anjing,Negatif
"@albedotr @paimonfess bukan ritual tp aku suka pull di depan anjing jembatan liyue. soalnya emg fav spot genshin trs suka main"" sama anjingnya",Positif
Pengen banget punya anjing kaya yeontan .. gemes banget .. yg punya apalagi ..,Positif
@menjuIit lama anjing,Negatif
anjing jadi kayak akun alter,Positif
@aiursndobbies anjing ,Negatif
"Bukanya norak, gua baru pertama liat h2 anjing keren",Positif
"Suka kesel sama anak¬≤ dari kakek, bapak lu udah sakit, mau operasi. Tapi perhatian lu ga ada ngentot ! 

Lu gampangin masalah dengan kasih uang seadanya, ehh anjing. Gw sama ibu gw bolak balik ke rs dan liat kakek sakit emang ga capek ngentot ! 

Anak¬≤ ga tau diri bajingan.",Negatif
@SofuanGusti Pawang anjing https://t.co/okqA6aqEb1,Positif
Sumpah klo boleh pelihara pengen anjing kaya gini gue  https://t.co/QrB5wZ0BX2,Positif
@Gencamon @pnjisw Makan daging anjing dengan sayur kol,Positif
"Lucu bgt dah orang main gartic trus dia suruh gambar anjing, yang dia gambar malah tulisan mantan dong",Positif
@naJiha_nAs @nienaakamarudin Dia kena kejar anjing terus precut,Positif
seokyung tuh cantik bgt anjing mau ga jadi pacar aing,Negatif
lu kira gue nyerah? engga anjing gue diem diem aja stalking lo,Negatif
@Ussikarani Sabar usi ku sayang dia bukan anjing tapi ,Positif
anjing,Positif
"@muispebrianto Tipikal anjing cendana selalu menggonggong kalau tuannya diganggu
Selagi kenyang apalagi lapar lidahnya berliur najis selalu menjulur",Positif
@Rangerbiru Anjing yg manaa btr,Positif
"@anaknyamamaiyuu bismillah nawaitu, anjing, astaghfirullah sodaqallahul'azim",Negatif
@hanifangelion What even Anjing had to do with AOT?,Positif
Gatega anjing jogetnya juga...,Negatif
@ahnayseong Ya yang buat bedain cwk cwk nya anjing apaan,Negatif
@brylealau Yang ung ung kayak anjing laut???,Positif
mtk ipa tka paling susah fix valid anjing,Negatif
@bukanpecanduu digigit anjing dep?,Positif
anjing,Positif
lunaaaa huhu anjing mau nangisssss https://t.co/9Vy0gllqwI,Negatif
@9twentythree_ iya anjing sama,Positif
"Butuh bgt adopter deket rumah, ga rela sampe anjing gue dibuang :(",Positif
INSERT FOTO ANJING MENANGIS. https://t.co/B3ErvafJOG,Positif
"online ya anjing awas aja kabur, mASALAHNYA GUA YG KENA MARAH PAK MISBAH.",Negatif
@prkjmsh Gilaa sih dikejar anjing paling serem,Positif
"@tubirfess agak menyedihkan, tapi yaa begitulah adanya. fanservice fanservice anjing gue mau marah sama diri sendiri karena bisa-bisanya masuk ke dunia fanservice ini, dan susah buat keluarnya.",Negatif
@txtdrkaumbengek Ini gua masih ngakak sih anjing bgt,Negatif
anak anjing https://t.co/ao4p9Jqsaa,Positif
@munconvo anjing gue ga kirim menfess begini deh kayanya,Positif
@bastianmalau1 Aku juga bisa koq. Aku doakan semoga yahya waloni mati dikeroyok anjing ,Negatif
@Wisnuphephe Kalo lucu sih aku ora.. seng anjing sangarr yo aku wedi ,Positif
Sarah 1st timer di nasi lemak anjing vs tangan mb https://t.co/hIQTx6r1gH,Positif
"@strwbryeol BISAA, LO BAYANGIN GW ADA KUCING SAMA ANJING DEMEN KENTUT GMN BAUNYA ",Positif
@sunooluvvv ANJING BANYAK BGT BUAT APA BUSET,Negatif